stay_date,occupied_accommodations,active_reservations,guests_on_site,average_nights,occupancy_rate,year,month,day_of_week,is_weekend,is_holiday_period,season
2023-01-01,3.0,3.0,11.0,5.333333333333333,2.5,2023,1,6,0,1,0
2023-01-02,6.0,6.0,16.0,5.666666666666667,5.0,2023,1,0,0,1,0
2023-01-03,7.0,7.0,17.0,6.285714285714286,5.833333333333333,2023,1,1,0,1,0
2023-01-04,9.0,9.0,25.0,6.111111111111111,7.5,2023,1,2,0,1,0
2023-01-05,9.0,9.0,25.0,6.444444444444445,7.5,2023,1,3,0,1,0
2023-01-06,9.0,9.0,27.0,6.111111111111111,7.5,2023,1,4,1,0,0
2023-01-07,9.0,9.0,27.0,6.111111111111111,7.5,2023,1,5,1,0,0
2023-01-08,7.0,7.0,16.0,6.285714285714286,5.833333333333333,2023,1,6,0,0,0
2023-01-09,8.0,8.0,20.0,6.875,6.666666666666667,2023,1,0,0,0,0
2023-01-10,8.0,8.0,20.0,6.625,6.666666666666667,2023,1,1,0,0,0
2023-01-11,8.0,8.0,19.0,6.625,6.666666666666667,2023,1,2,0,0,0
2023-01-12,6.0,6.0,14.0,6.666666666666667,5.0,2023,1,3,0,0,0
2023-01-13,6.0,6.0,17.0,5.5,5.0,2023,1,4,1,0,0
2023-01-14,6.0,6.0,17.0,5.5,5.0,2023,1,5,1,0,0
2023-01-15,7.0,7.0,21.0,5.428571428571429,5.833333333333333,2023,1,6,0,0,0
2023-01-16,4.0,4.0,12.0,6.0,3.3333333333333335,2023,1,0,0,0,0
2023-01-17,6.0,6.0,16.0,4.833333333333333,5.0,2023,1,1,0,0,0
2023-01-18,5.0,5.0,15.0,4.4,4.166666666666666,2023,1,2,0,0,0
2023-01-19,7.0,7.0,20.0,4.571428571428571,5.833333333333333,2023,1,3,0,0,0
2023-01-20,7.0,7.0,17.0,4.142857142857143,5.833333333333333,2023,1,4,1,0,0
2023-01-21,7.0,7.0,15.0,4.285714285714286,5.833333333333333,2023,1,5,1,0,0
2023-01-22,7.0,7.0,18.0,4.0,5.833333333333333,2023,1,6,0,0,0
2023-01-23,6.0,6.0,14.0,3.5,5.0,2023,1,0,0,0,0
2023-01-24,2.0,2.0,5.0,3.0,1.6666666666666667,2023,1,1,0,0,0
2023-01-25,1.0,1.0,1.0,3.0,0.8333333333333334,2023,1,2,0,0,0
2023-01-26,2.0,2.0,5.0,3.0,1.6666666666666667,2023,1,3,0,0,0
2023-01-27,3.0,3.0,7.0,4.333333333333333,2.5,2023,1,4,1,0,0
2023-01-28,6.0,6.0,13.0,3.5,5.0,2023,1,5,1,0,0
2023-01-29,4.0,4.0,8.0,3.75,3.3333333333333335,2023,1,6,0,0,0
2023-01-30,6.0,6.0,15.0,4.0,5.0,2023,1,0,0,0,0
2023-01-31,8.0,8.0,17.0,4.375,6.666666666666667,2023,1,1,0,0,0
2023-02-01,10.0,10.0,22.0,4.2,8.333333333333332,2023,2,2,0,0,0
2023-02-02,9.0,9.0,19.0,4.888888888888889,7.5,2023,2,3,0,0,0
2023-02-03,7.0,7.0,14.0,4.571428571428571,5.833333333333333,2023,2,4,1,0,0
2023-02-04,6.0,6.0,14.0,4.666666666666667,5.0,2023,2,5,1,0,0
2023-02-05,5.0,5.0,10.0,4.8,4.166666666666666,2023,2,6,0,0,0
2023-02-06,4.0,4.0,8.0,5.5,3.3333333333333335,2023,2,0,0,0,0
2023-02-07,3.0,3.0,7.0,5.0,2.5,2023,2,1,0,0,0
2023-02-08,3.0,3.0,7.0,5.0,2.5,2023,2,2,0,0,0
2023-02-09,5.0,5.0,14.0,5.2,4.166666666666666,2023,2,3,0,0,0
2023-02-10,8.0,8.0,23.0,4.25,6.666666666666667,2023,2,4,1,0,0
2023-02-11,9.0,9.0,26.0,4.111111111111111,7.5,2023,2,5,1,0,0
2023-02-12,10.0,10.0,30.0,4.7,8.333333333333332,2023,2,6,0,0,0
2023-02-13,8.0,8.0,22.0,5.0,6.666666666666667,2023,2,0,0,0,0
2023-02-14,6.0,6.0,18.0,5.333333333333333,5.0,2023,2,1,0,0,0
2023-02-15,9.0,9.0,24.0,4.555555555555555,7.5,2023,2,2,0,0,0
2023-02-16,10.0,10.0,27.0,3.8,8.333333333333332,2023,2,3,0,0,0
2023-02-17,6.0,6.0,15.0,3.5,5.0,2023,2,4,1,0,0
2023-02-18,7.0,7.0,23.0,4.0,5.833333333333333,2023,2,5,1,0,0
2023-02-19,4.0,4.0,18.0,4.5,3.3333333333333335,2023,2,6,0,0,0
2023-02-20,5.0,5.0,19.0,4.6,4.166666666666666,2023,2,0,0,0,0
2023-02-21,9.0,9.0,30.0,4.111111111111111,7.5,2023,2,1,0,0,0
2023-02-22,10.0,10.0,31.0,4.2,8.333333333333332,2023,2,2,0,0,0
2023-02-23,7.0,7.0,19.0,4.428571428571429,5.833333333333333,2023,2,3,0,0,0
2023-02-24,8.0,8.0,20.0,5.0,6.666666666666667,2023,2,4,1,0,0
2023-02-25,12.0,12.0,32.0,4.083333333333333,10.0,2023,2,5,1,0,0
2023-02-26,12.0,12.0,34.0,4.25,10.0,2023,2,6,0,0,0
2023-02-27,8.0,8.0,26.0,4.375,6.666666666666667,2023,2,0,0,0,0
2023-02-28,5.0,5.0,15.0,5.2,4.166666666666666,2023,2,1,0,0,0
2023-03-01,4.0,4.0,12.0,5.25,3.3333333333333335,2023,3,2,0,0,1
2023-03-02,5.0,5.0,15.0,5.0,4.166666666666666,2023,3,3,0,0,1
2023-03-03,5.0,5.0,15.0,3.8,4.166666666666666,2023,3,4,1,0,1
2023-03-04,4.0,4.0,14.0,4.0,3.3333333333333335,2023,3,5,1,0,1
2023-03-05,5.0,5.0,15.0,4.8,4.166666666666666,2023,3,6,0,0,1
2023-03-06,4.0,4.0,11.0,4.75,3.3333333333333335,2023,3,0,0,0,1
2023-03-07,6.0,6.0,13.0,4.166666666666667,5.0,2023,3,1,0,0,1
2023-03-08,5.0,5.0,12.0,4.6,4.166666666666666,2023,3,2,0,0,1
2023-03-09,5.0,5.0,15.0,4.8,4.166666666666666,2023,3,3,0,0,1
2023-03-10,8.0,8.0,23.0,4.25,6.666666666666667,2023,3,4,1,0,1
2023-03-11,7.0,7.0,22.0,4.285714285714286,5.833333333333333,2023,3,5,1,0,1
2023-03-12,6.0,6.0,17.0,4.0,5.0,2023,3,6,0,0,1
2023-03-13,5.0,5.0,11.0,4.2,4.166666666666666,2023,3,0,0,0,1
2023-03-14,6.0,6.0,12.0,4.333333333333333,5.0,2023,3,1,0,0,1
2023-03-15,6.0,6.0,17.0,4.333333333333333,5.0,2023,3,2,0,0,1
2023-03-16,5.0,5.0,13.0,4.8,4.166666666666666,2023,3,3,0,0,1
2023-03-17,8.0,8.0,16.0,4.75,6.666666666666667,2023,3,4,1,0,1
2023-03-18,10.0,10.0,27.0,4.1,8.333333333333332,2023,3,5,1,0,1
2023-03-19,10.0,10.0,32.0,4.3,8.333333333333332,2023,3,6,0,0,1
2023-03-20,11.0,11.0,30.0,4.363636363636363,9.166666666666666,2023,3,0,0,0,1
2023-03-21,11.0,11.0,32.0,4.2727272727272725,9.166666666666666,2023,3,1,0,0,1
2023-03-22,10.0,10.0,28.0,4.4,8.333333333333332,2023,3,2,0,0,1
2023-03-23,10.0,10.0,28.0,4.5,8.333333333333332,2023,3,3,0,0,1
2023-03-24,11.0,11.0,30.0,4.0,9.166666666666666,2023,3,4,1,0,1
2023-03-25,9.0,9.0,25.0,3.6666666666666665,7.5,2023,3,5,1,0,1
2023-03-26,5.0,5.0,15.0,4.4,4.166666666666666,2023,3,6,0,0,1
2023-03-27,4.0,4.0,8.0,5.0,3.3333333333333335,2023,3,0,0,0,1
2023-03-28,5.0,5.0,12.0,4.0,4.166666666666666,2023,3,1,0,0,1
2023-03-29,7.0,7.0,19.0,3.7142857142857144,5.833333333333333,2023,3,2,0,0,1
2023-03-30,5.0,5.0,12.0,4.4,4.166666666666666,2023,3,3,0,0,1
2023-03-31,6.0,6.0,15.0,4.666666666666667,5.0,2023,3,4,1,0,1
2023-04-01,8.0,8.0,23.0,4.5,6.666666666666667,2023,4,5,1,0,1
2023-04-02,8.0,8.0,23.0,4.625,6.666666666666667,2023,4,6,0,0,1
2023-04-03,10.0,10.0,31.0,4.3,8.333333333333332,2023,4,0,0,0,1
2023-04-04,10.0,10.0,24.0,4.4,8.333333333333332,2023,4,1,0,0,1
2023-04-05,8.0,8.0,21.0,4.25,6.666666666666667,2023,4,2,0,0,1
2023-04-06,9.0,9.0,31.0,4.444444444444445,7.5,2023,4,3,0,0,1
2023-04-07,7.0,7.0,32.0,3.857142857142857,5.833333333333333,2023,4,4,1,0,1
2023-04-08,10.0,10.0,39.0,3.5,8.333333333333332,2023,4,5,1,0,1
2023-04-09,6.0,6.0,27.0,3.6666666666666665,5.0,2023,4,6,0,0,1
2023-04-10,2.0,2.0,6.0,5.5,1.6666666666666667,2023,4,0,0,0,1
2023-04-11,4.0,4.0,11.0,4.75,3.3333333333333335,2023,4,1,0,0,1
2023-04-12,6.0,6.0,19.0,5.333333333333333,5.0,2023,4,2,0,0,1
2023-04-13,10.0,10.0,27.0,4.2,8.333333333333332,2023,4,3,0,0,1
2023-04-14,12.0,12.0,34.0,4.083333333333333,10.0,2023,4,4,1,0,1
2023-04-15,20.0,20.0,58.0,3.7,16.666666666666664,2023,4,5,1,0,1
2023-04-16,21.0,21.0,57.0,3.6666666666666665,17.5,2023,4,6,0,0,1
2023-04-17,16.0,16.0,37.0,4.125,13.333333333333334,2023,4,0,0,0,1
2023-04-18,19.0,19.0,47.0,4.157894736842105,15.833333333333332,2023,4,1,0,0,1
2023-04-19,16.0,16.0,38.0,3.9375,13.333333333333334,2023,4,2,0,0,1
2023-04-20,13.0,13.0,34.0,4.615384615384615,10.833333333333334,2023,4,3,0,0,1
2023-04-21,15.0,15.0,40.0,4.6,12.5,2023,4,4,1,0,1
2023-04-22,15.0,15.0,50.0,4.133333333333334,12.5,2023,4,5,1,0,1
2023-04-23,15.0,15.0,48.0,4.533333333333333,12.5,2023,4,6,0,0,1
2023-04-24,14.0,14.0,45.0,5.785714285714286,11.666666666666666,2023,4,0,0,1,1
2023-04-25,18.0,18.0,60.0,6.055555555555555,15.0,2023,4,1,0,1,1
2023-04-26,23.0,23.0,73.0,5.869565217391305,19.166666666666668,2023,4,2,0,1,1
2023-04-27,24.0,24.0,78.0,6.541666666666667,20.0,2023,4,3,0,1,1
2023-04-28,31.0,31.0,94.0,6.419354838709677,25.833333333333336,2023,4,4,1,1,1
2023-04-29,34.0,34.0,97.0,6.882352941176471,28.333333333333332,2023,4,5,1,1,1
2023-04-30,36.0,36.0,100.0,7.138888888888889,30.0,2023,4,6,0,1,1
2023-05-01,33.0,33.0,93.0,7.424242424242424,27.500000000000004,2023,5,0,0,1,1
2023-05-02,36.0,36.0,106.0,7.333333333333333,30.0,2023,5,1,0,1,1
2023-05-03,36.0,36.0,114.0,7.694444444444445,30.0,2023,5,2,0,1,1
2023-05-04,32.0,32.0,99.0,8.0625,26.666666666666668,2023,5,3,0,1,1
2023-05-05,34.0,34.0,107.0,8.205882352941176,28.333333333333332,2023,5,4,1,1,1
2023-05-06,37.0,37.0,107.0,8.18918918918919,30.833333333333336,2023,5,5,1,1,1
2023-05-07,38.0,38.0,109.0,8.289473684210526,31.666666666666664,2023,5,6,0,1,1
2023-05-08,39.0,39.0,110.0,8.179487179487179,32.5,2023,5,0,0,1,1
2023-05-09,34.0,34.0,99.0,8.441176470588236,28.333333333333332,2023,5,1,0,1,1
2023-05-10,30.0,30.0,84.0,8.9,25.0,2023,5,2,0,1,1
2023-05-11,33.0,33.0,95.0,8.484848484848484,27.500000000000004,2023,5,3,0,1,1
2023-05-12,41.0,41.0,122.0,8.78048780487805,34.166666666666664,2023,5,4,1,1,1
2023-05-13,40.0,40.0,119.0,9.0,33.33333333333333,2023,5,5,1,1,1
2023-05-14,41.0,41.0,113.0,9.21951219512195,34.166666666666664,2023,5,6,0,1,1
2023-05-15,37.0,37.0,97.0,9.324324324324325,30.833333333333336,2023,5,0,0,0,1
2023-05-16,32.0,32.0,88.0,9.90625,26.666666666666668,2023,5,1,0,0,1
2023-05-17,32.0,32.0,92.0,9.28125,26.666666666666668,2023,5,2,0,0,1
2023-05-18,33.0,33.0,101.0,8.666666666666666,27.500000000000004,2023,5,3,0,0,1
2023-05-19,39.0,39.0,106.0,7.3076923076923075,32.5,2023,5,4,1,0,1
2023-05-20,39.0,39.0,105.0,6.615384615384615,32.5,2023,5,5,1,0,1
2023-05-21,37.0,37.0,105.0,6.486486486486487,30.833333333333336,2023,5,6,0,0,1
2023-05-22,32.0,32.0,89.0,7.03125,26.666666666666668,2023,5,0,0,0,1
2023-05-23,32.0,32.0,86.0,6.53125,26.666666666666668,2023,5,1,0,0,1
2023-05-24,30.0,30.0,87.0,6.766666666666667,25.0,2023,5,2,0,0,1
2023-05-25,25.0,25.0,71.0,7.4,20.833333333333336,2023,5,3,0,0,1
2023-05-26,20.0,20.0,62.0,5.95,16.666666666666664,2023,5,4,1,0,1
2023-05-27,17.0,17.0,61.0,5.0,14.166666666666666,2023,5,5,1,0,1
2023-05-28,14.0,14.0,50.0,5.214285714285714,11.666666666666666,2023,5,6,0,0,1
2023-05-29,15.0,15.0,53.0,4.933333333333334,12.5,2023,5,0,0,0,1
2023-05-30,17.0,17.0,50.0,4.705882352941177,14.166666666666666,2023,5,1,0,0,1
2023-05-31,18.0,18.0,46.0,4.388888888888889,15.0,2023,5,2,0,0,1
2023-06-01,17.0,17.0,41.0,4.588235294117647,14.166666666666666,2023,6,3,0,0,2
2023-06-02,18.0,18.0,44.0,4.555555555555555,15.0,2023,6,4,1,0,2
2023-06-03,17.0,17.0,40.0,4.294117647058823,14.166666666666666,2023,6,5,1,0,2
2023-06-04,12.0,12.0,33.0,4.916666666666667,10.0,2023,6,6,0,0,2
2023-06-05,12.0,12.0,36.0,4.5,10.0,2023,6,0,0,0,2
2023-06-06,15.0,15.0,44.0,4.333333333333333,12.5,2023,6,1,0,0,2
2023-06-07,14.0,14.0,48.0,4.642857142857143,11.666666666666666,2023,6,2,0,0,2
2023-06-08,13.0,13.0,48.0,4.923076923076923,10.833333333333334,2023,6,3,0,0,2
2023-06-09,13.0,13.0,51.0,4.0,10.833333333333334,2023,6,4,1,0,2
2023-06-10,15.0,15.0,59.0,3.6,12.5,2023,6,5,1,0,2
2023-06-11,9.0,9.0,37.0,3.888888888888889,7.5,2023,6,6,0,0,2
2023-06-12,10.0,10.0,30.0,4.6,8.333333333333332,2023,6,0,0,0,2
2023-06-13,11.0,11.0,38.0,4.7272727272727275,9.166666666666666,2023,6,1,0,0,2
2023-06-14,14.0,14.0,39.0,4.571428571428571,11.666666666666666,2023,6,2,0,0,2
2023-06-15,24.0,24.0,67.0,4.458333333333333,20.0,2023,6,3,0,0,2
2023-06-16,26.0,26.0,73.0,4.269230769230769,21.666666666666668,2023,6,4,1,0,2
2023-06-17,29.0,29.0,86.0,4.206896551724138,24.166666666666668,2023,6,5,1,0,2
2023-06-18,25.0,25.0,76.0,4.16,20.833333333333336,2023,6,6,0,0,2
2023-06-19,14.0,14.0,44.0,4.785714285714286,11.666666666666666,2023,6,0,0,0,2
2023-06-20,12.0,12.0,28.0,4.5,10.0,2023,6,1,0,0,2
2023-06-21,25.0,25.0,71.0,4.36,20.833333333333336,2023,6,2,0,0,2
2023-06-22,24.0,24.0,74.0,4.291666666666667,20.0,2023,6,3,0,0,2
2023-06-23,24.0,24.0,72.0,4.208333333333333,20.0,2023,6,4,1,0,2
2023-06-24,22.0,22.0,69.0,4.090909090909091,18.333333333333332,2023,6,5,1,0,2
2023-06-25,20.0,20.0,56.0,4.3,16.666666666666664,2023,6,6,0,0,2
2023-06-26,17.0,17.0,41.0,4.529411764705882,14.166666666666666,2023,6,0,0,0,2
2023-06-27,17.0,17.0,42.0,4.470588235294118,14.166666666666666,2023,6,1,0,0,2
2023-06-28,16.0,16.0,35.0,4.0625,13.333333333333334,2023,6,2,0,0,2
2023-06-29,16.0,16.0,37.0,4.1875,13.333333333333334,2023,6,3,0,0,2
2023-06-30,17.0,17.0,43.0,4.176470588235294,14.166666666666666,2023,6,4,1,0,2
2023-07-01,26.0,26.0,78.0,5.846153846153846,21.666666666666668,2023,7,5,1,1,2
2023-07-02,31.0,31.0,87.0,6.548387096774194,25.833333333333336,2023,7,6,0,1,2
2023-07-03,39.0,39.0,117.0,6.82051282051282,32.5,2023,7,0,0,1,2
2023-07-04,47.0,47.0,142.0,7.1063829787234045,39.166666666666664,2023,7,1,0,1,2
2023-07-05,50.0,50.0,153.0,7.44,41.66666666666667,2023,7,2,0,1,2
2023-07-06,51.0,51.0,152.0,7.784313725490196,42.5,2023,7,3,0,1,2
2023-07-07,61.0,61.0,184.0,7.819672131147541,50.83333333333333,2023,7,4,1,1,2
2023-07-08,59.0,59.0,180.0,8.05084745762712,49.166666666666664,2023,7,5,1,1,2
2023-07-09,66.0,66.0,214.0,8.166666666666666,55.00000000000001,2023,7,6,0,1,2
2023-07-10,70.0,70.0,222.0,8.257142857142858,58.333333333333336,2023,7,0,0,1,2
2023-07-11,71.0,71.0,221.0,8.492957746478874,59.166666666666664,2023,7,1,0,1,2
2023-07-12,70.0,70.0,217.0,8.557142857142857,58.333333333333336,2023,7,2,0,1,2
2023-07-13,76.0,76.0,240.0,8.263157894736842,63.33333333333333,2023,7,3,0,1,2
2023-07-14,80.0,80.0,239.0,8.125,66.66666666666666,2023,7,4,1,1,2
2023-07-15,89.0,89.0,269.0,7.752808988764045,74.16666666666667,2023,7,5,1,1,2
2023-07-16,88.0,88.0,259.0,7.659090909090909,73.33333333333333,2023,7,6,0,1,2
2023-07-17,86.0,86.0,246.0,7.72093023255814,71.66666666666667,2023,7,0,0,1,2
2023-07-18,79.0,79.0,231.0,7.784810126582278,65.83333333333333,2023,7,1,0,1,2
2023-07-19,77.0,77.0,240.0,8.194805194805195,64.16666666666667,2023,7,2,0,1,2
2023-07-20,65.0,65.0,206.0,8.692307692307692,54.166666666666664,2023,7,3,0,1,2
2023-07-21,73.0,73.0,238.0,8.698630136986301,60.83333333333333,2023,7,4,1,1,2
2023-07-22,85.0,85.0,277.0,8.8,70.83333333333334,2023,7,5,1,1,2
2023-07-23,89.0,89.0,284.0,8.382022471910112,74.16666666666667,2023,7,6,0,1,2
2023-07-24,97.0,97.0,308.0,8.45360824742268,80.83333333333333,2023,7,0,0,1,2
2023-07-25,99.0,99.0,306.0,8.454545454545455,82.5,2023,7,1,0,1,2
2023-07-26,88.0,88.0,279.0,8.875,73.33333333333333,2023,7,2,0,1,2
2023-07-27,90.0,90.0,291.0,9.033333333333333,75.0,2023,7,3,0,1,2
2023-07-28,83.0,83.0,267.0,9.180722891566266,69.16666666666667,2023,7,4,1,1,2
2023-07-29,84.0,84.0,273.0,9.047619047619047,70.0,2023,7,5,1,1,2
2023-07-30,92.0,92.0,287.0,8.717391304347826,76.66666666666667,2023,7,6,0,1,2
2023-07-31,90.0,90.0,284.0,8.422222222222222,75.0,2023,7,0,0,1,2
2023-08-01,85.0,85.0,258.0,8.470588235294118,70.83333333333334,2023,8,1,0,1,2
2023-08-02,93.0,93.0,289.0,8.741935483870968,77.5,2023,8,2,0,1,2
2023-08-03,88.0,88.0,279.0,8.852272727272727,73.33333333333333,2023,8,3,0,1,2
2023-08-04,92.0,92.0,277.0,8.48913043478261,76.66666666666667,2023,8,4,1,1,2
2023-08-05,98.0,98.0,289.0,8.46938775510204,81.66666666666667,2023,8,5,1,1,2
2023-08-06,99.0,99.0,292.0,8.494949494949495,82.5,2023,8,6,0,1,2
2023-08-07,98.0,98.0,291.0,8.63265306122449,81.66666666666667,2023,8,0,0,1,2
2023-08-08,95.0,95.0,280.0,8.663157894736843,79.16666666666666,2023,8,1,0,1,2
2023-08-09,98.0,98.0,279.0,8.857142857142858,81.66666666666667,2023,8,2,0,1,2
2023-08-10,104.0,104.0,293.0,8.826923076923077,86.66666666666667,2023,8,3,0,1,2
2023-08-11,103.0,103.0,305.0,9.145631067961165,85.83333333333333,2023,8,4,1,1,2
2023-08-12,96.0,96.0,291.0,9.125,80.0,2023,8,5,1,1,2
2023-08-13,88.0,88.0,273.0,9.0,73.33333333333333,2023,8,6,0,1,2
2023-08-14,83.0,83.0,264.0,9.036144578313253,69.16666666666667,2023,8,0,0,1,2
2023-08-15,83.0,83.0,258.0,8.951807228915662,69.16666666666667,2023,8,1,0,1,2
2023-08-16,71.0,71.0,232.0,9.225352112676056,59.166666666666664,2023,8,2,0,1,2
2023-08-17,70.0,70.0,229.0,9.285714285714286,58.333333333333336,2023,8,3,0,1,2
2023-08-18,76.0,76.0,245.0,9.25,63.33333333333333,2023,8,4,1,1,2
2023-08-19,83.0,83.0,273.0,8.831325301204819,69.16666666666667,2023,8,5,1,1,2
2023-08-20,79.0,79.0,245.0,9.0,65.83333333333333,2023,8,6,0,1,2
2023-08-21,85.0,85.0,253.0,8.976470588235294,70.83333333333334,2023,8,0,0,1,2
2023-08-22,85.0,85.0,253.0,8.8,70.83333333333334,2023,8,1,0,1,2
2023-08-23,85.0,85.0,246.0,8.564705882352941,70.83333333333334,2023,8,2,0,1,2
2023-08-24,87.0,87.0,251.0,8.655172413793103,72.5,2023,8,3,0,1,2
2023-08-25,92.0,92.0,263.0,8.347826086956522,76.66666666666667,2023,8,4,1,1,2
2023-08-26,102.0,102.0,288.0,7.980392156862745,85.0,2023,8,5,1,1,2
2023-08-27,108.0,108.0,315.0,8.157407407407407,90.0,2023,8,6,0,1,2
2023-08-28,99.0,99.0,286.0,8.212121212121213,82.5,2023,8,0,0,1,2
2023-08-29,104.0,104.0,292.0,8.317307692307692,86.66666666666667,2023,8,1,0,1,2
2023-08-30,96.0,96.0,275.0,8.5,80.0,2023,8,2,0,1,2
2023-08-31,93.0,93.0,279.0,8.64516129032258,77.5,2023,8,3,0,1,2
2023-09-01,91.0,91.0,277.0,8.483516483516484,75.83333333333333,2023,9,4,1,1,3
2023-09-02,82.0,82.0,244.0,8.573170731707316,68.33333333333333,2023,9,5,1,1,3
2023-09-03,72.0,72.0,206.0,8.75,60.0,2023,9,6,0,1,3
2023-09-04,56.0,56.0,154.0,9.392857142857142,46.666666666666664,2023,9,0,0,0,3
2023-09-05,51.0,51.0,151.0,9.352941176470589,42.5,2023,9,1,0,0,3
2023-09-06,46.0,46.0,145.0,9.41304347826087,38.333333333333336,2023,9,2,0,0,3
2023-09-07,45.0,45.0,140.0,8.688888888888888,37.5,2023,9,3,0,0,3
2023-09-08,40.0,40.0,128.0,7.925,33.33333333333333,2023,9,4,1,0,3
2023-09-09,35.0,35.0,107.0,7.428571428571429,29.166666666666668,2023,9,5,1,0,3
2023-09-10,24.0,24.0,68.0,6.958333333333333,20.0,2023,9,6,0,0,3
2023-09-11,20.0,20.0,58.0,7.6,16.666666666666664,2023,9,0,0,0,3
2023-09-12,17.0,17.0,53.0,7.529411764705882,14.166666666666666,2023,9,1,0,0,3
2023-09-13,17.0,17.0,59.0,7.0,14.166666666666666,2023,9,2,0,0,3
2023-09-14,14.0,14.0,42.0,6.357142857142857,11.666666666666666,2023,9,3,0,0,3
2023-09-15,19.0,19.0,48.0,4.7894736842105265,15.833333333333332,2023,9,4,1,0,3
2023-09-16,19.0,19.0,51.0,3.8421052631578947,15.833333333333332,2023,9,5,1,0,3
2023-09-17,19.0,19.0,50.0,4.052631578947368,15.833333333333332,2023,9,6,0,0,3
2023-09-18,13.0,13.0,35.0,3.8461538461538463,10.833333333333334,2023,9,0,0,0,3
2023-09-19,12.0,12.0,31.0,3.8333333333333335,10.0,2023,9,1,0,0,3
2023-09-20,13.0,13.0,31.0,4.615384615384615,10.833333333333334,2023,9,2,0,0,3
2023-09-21,11.0,11.0,26.0,4.636363636363637,9.166666666666666,2023,9,3,0,0,3
2023-09-22,18.0,18.0,53.0,4.0,15.0,2023,9,4,1,0,3
2023-09-23,18.0,18.0,54.0,4.0,15.0,2023,9,5,1,0,3
2023-09-24,16.0,16.0,49.0,4.3125,13.333333333333334,2023,9,6,0,0,3
2023-09-25,15.0,15.0,39.0,4.466666666666667,12.5,2023,9,0,0,0,3
2023-09-26,16.0,16.0,34.0,4.5,13.333333333333334,2023,9,1,0,0,3
2023-09-27,15.0,15.0,29.0,4.4,12.5,2023,9,2,0,0,3
2023-09-28,16.0,16.0,38.0,4.25,13.333333333333334,2023,9,3,0,0,3
2023-09-29,16.0,16.0,52.0,4.0,13.333333333333334,2023,9,4,1,0,3
2023-09-30,19.0,19.0,66.0,3.5789473684210527,15.833333333333332,2023,9,5,1,0,3
2023-10-01,17.0,17.0,48.0,3.9411764705882355,14.166666666666666,2023,10,6,0,0,3
2023-10-02,15.0,15.0,42.0,4.4,12.5,2023,10,0,0,0,3
2023-10-03,15.0,15.0,46.0,4.6,12.5,2023,10,1,0,0,3
2023-10-04,15.0,15.0,57.0,4.666666666666667,12.5,2023,10,2,0,0,3
2023-10-05,15.0,15.0,56.0,4.466666666666667,12.5,2023,10,3,0,0,3
2023-10-06,16.0,16.0,55.0,4.3125,13.333333333333334,2023,10,4,1,0,3
2023-10-07,20.0,20.0,66.0,4.35,16.666666666666664,2023,10,5,1,0,3
2023-10-08,16.0,16.0,54.0,4.375,13.333333333333334,2023,10,6,0,0,3
2023-10-09,14.0,14.0,48.0,4.642857142857143,11.666666666666666,2023,10,0,0,0,3
2023-10-10,9.0,9.0,28.0,4.888888888888889,7.5,2023,10,1,0,0,3
2023-10-11,11.0,11.0,38.0,4.545454545454546,9.166666666666666,2023,10,2,0,0,3
2023-10-12,13.0,13.0,44.0,4.230769230769231,10.833333333333334,2023,10,3,0,0,3
2023-10-13,11.0,11.0,28.0,4.181818181818182,9.166666666666666,2023,10,4,1,0,3
2023-10-14,10.0,10.0,27.0,3.8,8.333333333333332,2023,10,5,1,0,3
2023-10-15,9.0,9.0,20.0,3.7777777777777777,7.5,2023,10,6,0,0,3
2023-10-16,10.0,10.0,24.0,5.3,8.333333333333332,2023,10,0,0,1,3
2023-10-17,12.0,12.0,27.0,6.75,10.0,2023,10,1,0,1,3
2023-10-18,15.0,15.0,37.0,7.0,12.5,2023,10,2,0,1,3
2023-10-19,19.0,19.0,55.0,7.526315789473684,15.833333333333332,2023,10,3,0,1,3
2023-10-20,18.0,18.0,56.0,7.833333333333333,15.0,2023,10,4,1,1,3
2023-10-21,24.0,24.0,74.0,8.416666666666666,20.0,2023,10,5,1,1,3
2023-10-22,23.0,23.0,64.0,8.782608695652174,19.166666666666668,2023,10,6,0,1,3
2023-10-23,23.0,23.0,69.0,8.73913043478261,19.166666666666668,2023,10,0,0,1,3
2023-10-24,23.0,23.0,66.0,8.652173913043478,19.166666666666668,2023,10,1,0,1,3
2023-10-25,24.0,24.0,66.0,8.375,20.0,2023,10,2,0,1,3
2023-10-26,28.0,28.0,75.0,8.107142857142858,23.333333333333332,2023,10,3,0,1,3
2023-10-27,28.0,28.0,79.0,8.285714285714286,23.333333333333332,2023,10,4,1,1,3
2023-10-28,32.0,32.0,93.0,8.625,26.666666666666668,2023,10,5,1,1,3
2023-10-29,28.0,28.0,84.0,9.285714285714286,23.333333333333332,2023,10,6,0,1,3
2023-10-30,29.0,29.0,90.0,8.551724137931034,24.166666666666668,2023,10,0,0,0,3
2023-10-31,28.0,28.0,90.0,7.75,23.333333333333332,2023,10,1,0,0,3
2023-11-01,26.0,26.0,83.0,8.076923076923077,21.666666666666668,2023,11,2,0,0,3
2023-11-02,20.0,20.0,63.0,7.75,16.666666666666664,2023,11,3,0,0,3
2023-11-03,18.0,18.0,52.0,8.0,15.0,2023,11,4,1,0,3
2023-11-04,11.0,11.0,33.0,7.545454545454546,9.166666666666666,2023,11,5,1,0,3
2023-11-05,10.0,10.0,28.0,7.5,8.333333333333332,2023,11,6,0,0,3
2023-11-06,8.0,8.0,22.0,8.875,6.666666666666667,2023,11,0,0,0,3
2023-11-07,6.0,6.0,17.0,7.5,5.0,2023,11,1,0,0,3
2023-11-08,6.0,6.0,17.0,7.5,5.0,2023,11,2,0,0,3
2023-11-09,8.0,8.0,19.0,6.5,6.666666666666667,2023,11,3,0,0,3
2023-11-10,8.0,8.0,21.0,5.0,6.666666666666667,2023,11,4,1,0,3
2023-11-11,8.0,8.0,25.0,3.5,6.666666666666667,2023,11,5,1,0,3
2023-11-12,8.0,8.0,24.0,3.375,6.666666666666667,2023,11,6,0,0,3
2023-11-13,5.0,5.0,14.0,3.8,4.166666666666666,2023,11,0,0,0,3
2023-11-14,4.0,4.0,12.0,3.75,3.3333333333333335,2023,11,1,0,0,3
2023-11-15,4.0,4.0,12.0,4.0,3.3333333333333335,2023,11,2,0,0,3
2023-11-16,3.0,3.0,8.0,4.0,2.5,2023,11,3,0,0,3
2023-11-17,3.0,3.0,8.0,4.333333333333333,2.5,2023,11,4,1,0,3
2023-11-18,5.0,5.0,10.0,4.6,4.166666666666666,2023,11,5,1,0,3
2023-11-19,7.0,7.0,15.0,4.142857142857143,5.833333333333333,2023,11,6,0,0,3
2023-11-20,6.0,6.0,11.0,4.5,5.0,2023,11,0,0,0,3
2023-11-21,6.0,6.0,19.0,4.5,5.0,2023,11,1,0,0,3
2023-11-22,8.0,8.0,24.0,4.625,6.666666666666667,2023,11,2,0,0,3
2023-11-23,9.0,9.0,27.0,4.666666666666667,7.5,2023,11,3,0,0,3
2023-11-24,8.0,8.0,17.0,5.0,6.666666666666667,2023,11,4,1,0,3
2023-11-25,6.0,6.0,16.0,4.666666666666667,5.0,2023,11,5,1,0,3
2023-11-26,10.0,10.0,29.0,4.9,8.333333333333332,2023,11,6,0,0,3
2023-11-27,10.0,10.0,29.0,4.8,8.333333333333332,2023,11,0,0,0,3
2023-11-28,5.0,5.0,15.0,5.8,4.166666666666666,2023,11,1,0,0,3
2023-11-29,8.0,8.0,23.0,4.25,6.666666666666667,2023,11,2,0,0,3
2023-11-30,7.0,7.0,20.0,4.428571428571429,5.833333333333333,2023,11,3,0,0,3
2023-12-01,11.0,11.0,29.0,4.0,9.166666666666666,2023,12,4,1,0,0
2023-12-02,14.0,14.0,37.0,3.5714285714285716,11.666666666666666,2023,12,5,1,0,0
2023-12-03,12.0,12.0,29.0,3.5833333333333335,10.0,2023,12,6,0,0,0
2023-12-04,11.0,11.0,33.0,3.909090909090909,9.166666666666666,2023,12,0,0,0,0
2023-12-05,14.0,14.0,44.0,3.642857142857143,11.666666666666666,2023,12,1,0,0,0
2023-12-06,19.0,19.0,65.0,4.0,15.833333333333332,2023,12,2,0,0,0
2023-12-07,20.0,20.0,69.0,4.15,16.666666666666664,2023,12,3,0,0,0
2023-12-08,22.0,22.0,77.0,3.8636363636363638,18.333333333333332,2023,12,4,1,0,0
2023-12-09,22.0,22.0,61.0,4.0,18.333333333333332,2023,12,5,1,0,0
2023-12-10,20.0,20.0,57.0,4.1,16.666666666666664,2023,12,6,0,0,0
2023-12-11,15.0,15.0,43.0,4.733333333333333,12.5,2023,12,0,0,0,0
2023-12-12,13.0,13.0,35.0,4.846153846153846,10.833333333333334,2023,12,1,0,0,0
2023-12-13,12.0,12.0,28.0,4.666666666666667,10.0,2023,12,2,0,0,0
2023-12-14,9.0,9.0,19.0,6.111111111111111,7.5,2023,12,3,0,0,0
2023-12-15,10.0,10.0,20.0,5.7,8.333333333333332,2023,12,4,1,0,0
2023-12-16,10.0,10.0,17.0,5.3,8.333333333333332,2023,12,5,1,0,0
2023-12-17,13.0,13.0,25.0,4.923076923076923,10.833333333333334,2023,12,6,0,0,0
2023-12-18,13.0,13.0,31.0,4.461538461538462,10.833333333333334,2023,12,0,0,0,0
2023-12-19,13.0,13.0,35.0,5.0,10.833333333333334,2023,12,1,0,0,0
2023-12-20,17.0,17.0,52.0,5.529411764705882,14.166666666666666,2023,12,2,0,1,0
2023-12-21,16.0,16.0,46.0,5.4375,13.333333333333334,2023,12,3,0,1,0
2023-12-22,18.0,18.0,48.0,6.666666666666667,15.0,2023,12,4,1,1,0
2023-12-23,21.0,21.0,48.0,6.809523809523809,17.5,2023,12,5,1,1,0
2023-12-24,23.0,23.0,52.0,6.826086956521739,19.166666666666668,2023,12,6,0,1,0
2023-12-25,25.0,25.0,64.0,7.0,20.833333333333336,2023,12,0,0,1,0
2023-12-26,27.0,27.0,80.0,7.2592592592592595,22.5,2023,12,1,0,1,0
2023-12-27,25.0,25.0,73.0,7.4,20.833333333333336,2023,12,2,0,1,0
2023-12-28,31.0,31.0,100.0,6.935483870967742,25.833333333333336,2023,12,3,0,1,0
2023-12-29,36.0,36.0,124.0,7.0,30.0,2023,12,4,1,1,0
2023-12-30,34.0,34.0,116.0,7.176470588235294,28.333333333333332,2023,12,5,1,1,0
2023-12-31,33.0,33.0,116.0,7.454545454545454,27.500000000000004,2023,12,6,0,1,0
2024-01-01,27.0,27.0,101.0,7.407407407407407,22.5,2024,1,0,0,1,0
2024-01-02,26.0,26.0,100.0,7.653846153846154,21.666666666666668,2024,1,1,0,1,0
2024-01-03,23.0,23.0,91.0,7.826086956521739,19.166666666666668,2024,1,2,0,1,0
2024-01-04,18.0,18.0,65.0,8.166666666666666,15.0,2024,1,3,0,1,0
2024-01-05,10.0,10.0,30.0,9.4,8.333333333333332,2024,1,4,1,1,0
2024-01-06,9.0,9.0,27.0,9.333333333333334,7.5,2024,1,5,1,0,0
2024-01-07,10.0,10.0,30.0,8.9,8.333333333333332,2024,1,6,0,0,0
2024-01-08,11.0,11.0,31.0,8.545454545454545,9.166666666666666,2024,1,0,0,0,0
2024-01-09,9.0,9.0,21.0,7.333333333333333,7.5,2024,1,1,0,0,0
2024-01-10,8.0,8.0,19.0,6.5,6.666666666666667,2024,1,2,0,0,0
2024-01-11,6.0,6.0,16.0,6.333333333333333,5.0,2024,1,3,0,0,0
2024-01-12,4.0,4.0,10.0,7.5,3.3333333333333335,2024,1,4,1,0,0
2024-01-13,4.0,4.0,13.0,7.25,3.3333333333333335,2024,1,5,1,0,0
2024-01-14,4.0,4.0,17.0,7.5,3.3333333333333335,2024,1,6,0,0,0
2024-01-15,6.0,6.0,24.0,6.0,5.0,2024,1,0,0,0,0
2024-01-16,5.0,5.0,21.0,4.4,4.166666666666666,2024,1,1,0,0,0
2024-01-17,2.0,2.0,11.0,4.5,1.6666666666666667,2024,1,2,0,0,0
2024-01-18,3.0,3.0,18.0,4.333333333333333,2.5,2024,1,3,0,0,0
2024-01-19,2.0,2.0,11.0,3.0,1.6666666666666667,2024,1,4,1,0,0
2024-01-20,3.0,3.0,12.0,3.0,2.5,2024,1,5,1,0,0
2024-01-21,3.0,3.0,12.0,3.6666666666666665,2.5,2024,1,6,0,0,0
2024-01-22,2.0,2.0,5.0,3.5,1.6666666666666667,2024,1,0,0,0,0
2024-01-23,1.0,1.0,4.0,4.0,0.8333333333333334,2024,1,1,0,0,0
2024-01-24,1.0,1.0,4.0,4.0,0.8333333333333334,2024,1,2,0,0,0
2024-01-25,2.0,2.0,6.0,4.5,1.6666666666666667,2024,1,3,0,0,0
2024-01-26,5.0,5.0,16.0,4.2,4.166666666666666,2024,1,4,1,0,0
2024-01-27,10.0,10.0,28.0,3.8,8.333333333333332,2024,1,5,1,0,0
2024-01-28,11.0,11.0,32.0,3.8181818181818183,9.166666666666666,2024,1,6,0,0,0
2024-01-29,8.0,8.0,25.0,4.25,6.666666666666667,2024,1,0,0,0,0
2024-01-30,4.0,4.0,11.0,4.25,3.3333333333333335,2024,1,1,0,0,0
2024-01-31,2.0,2.0,8.0,4.5,1.6666666666666667,2024,1,2,0,0,0
2024-02-01,1.0,1.0,2.0,7.0,0.8333333333333334,2024,2,3,0,0,0
2024-02-02,2.0,2.0,9.0,4.5,1.6666666666666667,2024,2,4,1,0,0
2024-02-03,3.0,3.0,11.0,4.0,2.5,2024,2,5,1,0,0
2024-02-04,3.0,3.0,5.0,5.0,2.5,2024,2,6,0,0,0
2024-02-05,3.0,3.0,5.0,5.0,2.5,2024,2,0,0,0,0
2024-02-06,3.0,3.0,7.0,6.333333333333333,2.5,2024,2,1,0,0,0
2024-02-07,4.0,4.0,10.0,5.75,3.3333333333333335,2024,2,2,0,0,0
2024-02-08,4.0,4.0,12.0,5.0,3.3333333333333335,2024,2,3,0,0,0
2024-02-09,6.0,6.0,19.0,4.166666666666667,5.0,2024,2,4,1,0,0
2024-02-10,7.0,7.0,21.0,4.142857142857143,5.833333333333333,2024,2,5,1,0,0
2024-02-11,5.0,5.0,13.0,4.6,4.166666666666666,2024,2,6,0,0,0
2024-02-12,6.0,6.0,15.0,4.333333333333333,5.0,2024,2,0,0,0,0
2024-02-13,6.0,6.0,15.0,3.8333333333333335,5.0,2024,2,1,0,0,0
2024-02-14,3.0,3.0,9.0,4.0,2.5,2024,2,2,0,0,0
2024-02-15,4.0,4.0,10.0,4.0,3.3333333333333335,2024,2,3,0,0,0
2024-02-16,2.0,2.0,5.0,4.0,1.6666666666666667,2024,2,4,1,0,0
2024-02-17,6.0,6.0,10.0,4.0,5.0,2024,2,5,1,0,0
2024-02-18,7.0,7.0,13.0,3.7142857142857144,5.833333333333333,2024,2,6,0,0,0
2024-02-19,7.0,7.0,17.0,4.0,5.833333333333333,2024,2,0,0,0,0
2024-02-20,7.0,7.0,16.0,4.285714285714286,5.833333333333333,2024,2,1,0,0,0
2024-02-21,10.0,10.0,22.0,4.3,8.333333333333332,2024,2,2,0,0,0
2024-02-22,7.0,7.0,16.0,4.0,5.833333333333333,2024,2,3,0,0,0
2024-02-23,6.0,6.0,14.0,4.5,5.0,2024,2,4,1,0,0
2024-02-24,6.0,6.0,14.0,4.166666666666667,5.0,2024,2,5,1,0,0
2024-02-25,5.0,5.0,9.0,4.8,4.166666666666666,2024,2,6,0,0,0
2024-02-26,3.0,3.0,6.0,6.333333333333333,2.5,2024,2,0,0,0,0
2024-02-27,4.0,4.0,8.0,5.5,3.3333333333333335,2024,2,1,0,0,0
2024-02-28,5.0,5.0,13.0,5.2,4.166666666666666,2024,2,2,0,0,0
2024-02-29,5.0,5.0,13.0,5.2,4.166666666666666,2024,2,3,0,0,0
2024-03-01,6.0,6.0,11.0,3.6666666666666665,5.0,2024,3,4,1,0,1
2024-03-02,8.0,8.0,16.0,3.25,6.666666666666667,2024,3,5,1,0,1
2024-03-03,5.0,5.0,10.0,3.6,4.166666666666666,2024,3,6,0,0,1
2024-03-04,3.0,3.0,6.0,5.0,2.5,2024,3,0,0,0,1
2024-03-05,2.0,2.0,5.0,5.5,1.6666666666666667,2024,3,1,0,0,1
2024-03-06,4.0,4.0,11.0,4.25,3.3333333333333335,2024,3,2,0,0,1
2024-03-07,8.0,8.0,19.0,4.0,6.666666666666667,2024,3,3,0,0,1
2024-03-08,8.0,8.0,17.0,3.875,6.666666666666667,2024,3,4,1,0,1
2024-03-09,11.0,11.0,30.0,3.5454545454545454,9.166666666666666,2024,3,5,1,0,1
2024-03-10,7.0,7.0,21.0,3.857142857142857,5.833333333333333,2024,3,6,0,0,1
2024-03-11,8.0,8.0,26.0,4.25,6.666666666666667,2024,3,0,0,0,1
2024-03-12,8.0,8.0,21.0,4.0,6.666666666666667,2024,3,1,0,0,1
2024-03-13,10.0,10.0,28.0,4.0,8.333333333333332,2024,3,2,0,0,1
2024-03-14,9.0,9.0,26.0,4.222222222222222,7.5,2024,3,3,0,0,1
2024-03-15,9.0,9.0,26.0,4.111111111111111,7.5,2024,3,4,1,0,1
2024-03-16,8.0,8.0,22.0,3.5,6.666666666666667,2024,3,5,1,0,1
2024-03-17,8.0,8.0,22.0,3.5,6.666666666666667,2024,3,6,0,0,1
2024-03-18,9.0,9.0,24.0,3.7777777777777777,7.5,2024,3,0,0,0,1
2024-03-19,10.0,10.0,28.0,4.3,8.333333333333332,2024,3,1,0,0,1
2024-03-20,8.0,8.0,22.0,4.625,6.666666666666667,2024,3,2,0,0,1
2024-03-21,8.0,8.0,22.0,4.75,6.666666666666667,2024,3,3,0,0,1
2024-03-22,9.0,9.0,22.0,4.0,7.5,2024,3,4,1,0,1
2024-03-23,10.0,10.0,24.0,3.8,8.333333333333332,2024,3,5,1,0,1
2024-03-24,7.0,7.0,16.0,4.0,5.833333333333333,2024,3,6,0,0,1
2024-03-25,7.0,7.0,14.0,4.0,5.833333333333333,2024,3,0,0,0,1
2024-03-26,7.0,7.0,13.0,5.0,5.833333333333333,2024,3,1,0,0,1
2024-03-27,9.0,9.0,21.0,4.222222222222222,7.5,2024,3,2,0,0,1
2024-03-28,11.0,11.0,31.0,4.090909090909091,9.166666666666666,2024,3,3,0,0,1
2024-03-29,11.0,11.0,34.0,3.8181818181818183,9.166666666666666,2024,3,4,1,0,1
2024-03-30,8.0,8.0,26.0,4.0,6.666666666666667,2024,3,5,1,0,1
2024-03-31,4.0,4.0,16.0,5.25,3.3333333333333335,2024,3,6,0,0,1
2024-04-01,4.0,4.0,10.0,5.0,3.3333333333333335,2024,4,0,0,0,1
2024-04-02,6.0,6.0,15.0,3.5,5.0,2024,4,1,0,0,1
2024-04-03,8.0,8.0,22.0,3.75,6.666666666666667,2024,4,2,0,0,1
2024-04-04,7.0,7.0,24.0,4.571428571428571,5.833333333333333,2024,4,3,0,0,1
2024-04-05,7.0,7.0,26.0,3.5714285714285716,5.833333333333333,2024,4,4,1,0,1
2024-04-06,10.0,10.0,36.0,3.5,8.333333333333332,2024,4,5,1,0,1
2024-04-07,10.0,10.0,29.0,4.3,8.333333333333332,2024,4,6,0,0,1
2024-04-08,11.0,11.0,32.0,4.636363636363637,9.166666666666666,2024,4,0,0,0,1
2024-04-09,14.0,14.0,38.0,4.571428571428571,11.666666666666666,2024,4,1,0,0,1
2024-04-10,14.0,14.0,36.0,4.714285714285714,11.666666666666666,2024,4,2,0,0,1
2024-04-11,12.0,12.0,32.0,4.25,10.0,2024,4,3,0,0,1
2024-04-12,15.0,15.0,41.0,4.066666666666666,12.5,2024,4,4,1,0,1
2024-04-13,16.0,16.0,41.0,4.3125,13.333333333333334,2024,4,5,1,0,1
2024-04-14,15.0,15.0,38.0,4.266666666666667,12.5,2024,4,6,0,0,1
2024-04-15,11.0,11.0,33.0,4.636363636363637,9.166666666666666,2024,4,0,0,0,1
2024-04-16,10.0,10.0,32.0,5.2,8.333333333333332,2024,4,1,0,0,1
2024-04-17,13.0,13.0,40.0,5.0,10.833333333333334,2024,4,2,0,0,1
2024-04-18,13.0,13.0,39.0,4.6923076923076925,10.833333333333334,2024,4,3,0,0,1
2024-04-19,10.0,10.0,27.0,4.2,8.333333333333332,2024,4,4,1,0,1
2024-04-20,11.0,11.0,24.0,3.909090909090909,9.166666666666666,2024,4,5,1,0,1
2024-04-21,11.0,11.0,26.0,4.2727272727272725,9.166666666666666,2024,4,6,0,0,1
2024-04-22,8.0,8.0,19.0,4.875,6.666666666666667,2024,4,0,0,1,1
2024-04-23,7.0,7.0,24.0,5.857142857142857,5.833333333333333,2024,4,1,0,1,1
2024-04-24,9.0,9.0,30.0,6.888888888888889,7.5,2024,4,2,0,1,1
2024-04-25,15.0,15.0,51.0,6.8,12.5,2024,4,3,0,1,1
2024-04-26,21.0,21.0,66.0,6.761904761904762,17.5,2024,4,4,1,1,1
2024-04-27,25.0,25.0,76.0,6.6,20.833333333333336,2024,4,5,1,1,1
2024-04-28,27.0,27.0,74.0,7.37037037037037,22.5,2024,4,6,0,1,1
2024-04-29,25.0,25.0,69.0,7.8,20.833333333333336,2024,4,0,0,1,1
2024-04-30,26.0,26.0,77.0,8.23076923076923,21.666666666666668,2024,4,1,0,1,1
2024-05-01,27.0,27.0,81.0,8.481481481481481,22.5,2024,5,2,0,1,1
2024-05-02,28.0,28.0,83.0,8.607142857142858,23.333333333333332,2024,5,3,0,1,1
2024-05-03,31.0,31.0,92.0,8.838709677419354,25.833333333333336,2024,5,4,1,1,1
2024-05-04,34.0,34.0,97.0,8.705882352941176,28.333333333333332,2024,5,5,1,1,1
2024-05-05,30.0,30.0,91.0,8.833333333333334,25.0,2024,5,6,0,1,1
2024-05-06,32.0,32.0,104.0,8.96875,26.666666666666668,2024,5,0,0,1,1
2024-05-07,31.0,31.0,100.0,9.064516129032258,25.833333333333336,2024,5,1,0,1,1
2024-05-08,28.0,28.0,91.0,9.107142857142858,23.333333333333332,2024,5,2,0,1,1
2024-05-09,32.0,32.0,104.0,8.8125,26.666666666666668,2024,5,3,0,1,1
2024-05-10,31.0,31.0,103.0,8.64516129032258,25.833333333333336,2024,5,4,1,1,1
2024-05-11,29.0,29.0,104.0,9.03448275862069,24.166666666666668,2024,5,5,1,1,1
2024-05-12,28.0,28.0,98.0,8.714285714285714,23.333333333333332,2024,5,6,0,1,1
2024-05-13,29.0,29.0,93.0,8.275862068965518,24.166666666666668,2024,5,0,0,0,1
2024-05-14,28.0,28.0,90.0,7.714285714285714,23.333333333333332,2024,5,1,0,0,1
2024-05-15,30.0,30.0,96.0,7.2,25.0,2024,5,2,0,0,1
2024-05-16,26.0,26.0,92.0,7.076923076923077,21.666666666666668,2024,5,3,0,0,1
2024-05-17,22.0,22.0,83.0,6.590909090909091,18.333333333333332,2024,5,4,1,0,1
2024-05-18,20.0,20.0,74.0,6.25,16.666666666666664,2024,5,5,1,0,1
2024-05-19,23.0,23.0,83.0,6.0,19.166666666666668,2024,5,6,0,0,1
2024-05-20,25.0,25.0,91.0,5.24,20.833333333333336,2024,5,0,0,0,1
2024-05-21,22.0,22.0,79.0,5.5,18.333333333333332,2024,5,1,0,0,1
2024-05-22,25.0,25.0,94.0,5.08,20.833333333333336,2024,5,2,0,0,1
2024-05-23,23.0,23.0,78.0,4.913043478260869,19.166666666666668,2024,5,3,0,0,1
2024-05-24,24.0,24.0,81.0,4.208333333333333,20.0,2024,5,4,1,0,1
2024-05-25,32.0,32.0,91.0,3.53125,26.666666666666668,2024,5,5,1,0,1
2024-05-26,28.0,28.0,70.0,4.178571428571429,23.333333333333332,2024,5,6,0,0,1
2024-05-27,18.0,18.0,43.0,4.833333333333333,15.0,2024,5,0,0,0,1
2024-05-28,14.0,14.0,30.0,5.357142857142857,11.666666666666666,2024,5,1,0,0,1
2024-05-29,13.0,13.0,26.0,5.230769230769231,10.833333333333334,2024,5,2,0,0,1
2024-05-30,11.0,11.0,20.0,5.2727272727272725,9.166666666666666,2024,5,3,0,0,1
2024-05-31,11.0,11.0,20.0,5.181818181818182,9.166666666666666,2024,5,4,1,0,1
2024-06-01,17.0,17.0,42.0,4.0,14.166666666666666,2024,6,5,1,0,2
2024-06-02,17.0,17.0,54.0,3.7058823529411766,14.166666666666666,2024,6,6,0,0,2
2024-06-03,17.0,17.0,53.0,3.8823529411764706,14.166666666666666,2024,6,0,0,0,2
2024-06-04,15.0,15.0,46.0,4.066666666666666,12.5,2024,6,1,0,0,2
2024-06-05,17.0,17.0,51.0,4.470588235294118,14.166666666666666,2024,6,2,0,0,2
2024-06-06,21.0,21.0,70.0,4.809523809523809,17.5,2024,6,3,0,0,2
2024-06-07,28.0,28.0,86.0,4.321428571428571,23.333333333333332,2024,6,4,1,0,2
2024-06-08,30.0,30.0,93.0,4.166666666666667,25.0,2024,6,5,1,0,2
2024-06-09,25.0,25.0,78.0,4.32,20.833333333333336,2024,6,6,0,0,2
2024-06-10,18.0,18.0,53.0,4.611111111111111,15.0,2024,6,0,0,0,2
2024-06-11,15.0,15.0,40.0,4.866666666666666,12.5,2024,6,1,0,0,2
2024-06-12,18.0,18.0,48.0,4.777777777777778,15.0,2024,6,2,0,0,2
2024-06-13,17.0,17.0,38.0,4.529411764705882,14.166666666666666,2024,6,3,0,0,2
2024-06-14,17.0,17.0,39.0,4.117647058823529,14.166666666666666,2024,6,4,1,0,2
2024-06-15,20.0,20.0,55.0,4.0,16.666666666666664,2024,6,5,1,0,2
2024-06-16,21.0,21.0,61.0,4.0,17.5,2024,6,6,0,0,2
2024-06-17,18.0,18.0,47.0,4.0,15.0,2024,6,0,0,0,2
2024-06-18,18.0,18.0,53.0,3.888888888888889,15.0,2024,6,1,0,0,2
2024-06-19,18.0,18.0,59.0,4.0,15.0,2024,6,2,0,0,2
2024-06-20,15.0,15.0,48.0,3.7333333333333334,12.5,2024,6,3,0,0,2
2024-06-21,13.0,13.0,42.0,3.5384615384615383,10.833333333333334,2024,6,4,1,0,2
2024-06-22,15.0,15.0,41.0,3.2,12.5,2024,6,5,1,0,2
2024-06-23,14.0,14.0,40.0,3.857142857142857,11.666666666666666,2024,6,6,0,0,2
2024-06-24,14.0,14.0,40.0,4.714285714285714,11.666666666666666,2024,6,0,0,0,2
2024-06-25,19.0,19.0,60.0,4.578947368421052,15.833333333333332,2024,6,1,0,0,2
2024-06-26,20.0,20.0,63.0,4.6,16.666666666666664,2024,6,2,0,0,2
2024-06-27,19.0,19.0,60.0,4.842105263157895,15.833333333333332,2024,6,3,0,0,2
2024-06-28,13.0,13.0,36.0,5.153846153846154,10.833333333333334,2024,6,4,1,0,2
2024-06-29,19.0,19.0,54.0,4.421052631578948,15.833333333333332,2024,6,5,1,0,2
2024-06-30,23.0,23.0,68.0,3.869565217391304,19.166666666666668,2024,6,6,0,0,2
2024-07-01,27.0,27.0,80.0,5.37037037037037,22.5,2024,7,0,0,1,2
2024-07-02,30.0,30.0,78.0,6.6,25.0,2024,7,1,0,1,2
2024-07-03,38.0,38.0,98.0,7.2894736842105265,31.666666666666664,2024,7,2,0,1,2
2024-07-04,42.0,42.0,113.0,7.476190476190476,35.0,2024,7,3,0,1,2
2024-07-05,55.0,55.0,164.0,7.509090909090909,45.83333333333333,2024,7,4,1,1,2
2024-07-06,70.0,70.0,214.0,7.214285714285714,58.333333333333336,2024,7,5,1,1,2
2024-07-07,80.0,80.0,245.0,7.4375,66.66666666666666,2024,7,6,0,1,2
2024-07-08,85.0,85.0,271.0,7.6117647058823525,70.83333333333334,2024,7,0,0,1,2
2024-07-09,86.0,86.0,268.0,7.790697674418604,71.66666666666667,2024,7,1,0,1,2
2024-07-10,90.0,90.0,287.0,7.933333333333334,75.0,2024,7,2,0,1,2
2024-07-11,90.0,90.0,282.0,8.311111111111112,75.0,2024,7,3,0,1,2
2024-07-12,91.0,91.0,282.0,8.395604395604396,75.83333333333333,2024,7,4,1,1,2
2024-07-13,95.0,95.0,281.0,8.68421052631579,79.16666666666666,2024,7,5,1,1,2
2024-07-14,92.0,92.0,257.0,8.891304347826088,76.66666666666667,2024,7,6,0,1,2
2024-07-15,96.0,96.0,283.0,8.59375,80.0,2024,7,0,0,1,2
2024-07-16,96.0,96.0,283.0,8.510416666666666,80.0,2024,7,1,0,1,2
2024-07-17,95.0,95.0,275.0,8.368421052631579,79.16666666666666,2024,7,2,0,1,2
2024-07-18,95.0,95.0,285.0,8.56842105263158,79.16666666666666,2024,7,3,0,1,2
2024-07-19,96.0,96.0,284.0,8.666666666666666,80.0,2024,7,4,1,1,2
2024-07-20,100.0,100.0,305.0,8.7,83.33333333333334,2024,7,5,1,1,2
2024-07-21,98.0,98.0,303.0,8.540816326530612,81.66666666666667,2024,7,6,0,1,2
2024-07-22,94.0,94.0,273.0,8.574468085106384,78.33333333333333,2024,7,0,0,1,2
2024-07-23,85.0,85.0,253.0,8.729411764705882,70.83333333333334,2024,7,1,0,1,2
2024-07-24,77.0,77.0,231.0,8.987012987012987,64.16666666666667,2024,7,2,0,1,2
2024-07-25,73.0,73.0,218.0,8.986301369863014,60.83333333333333,2024,7,3,0,1,2
2024-07-26,77.0,77.0,230.0,8.766233766233766,64.16666666666667,2024,7,4,1,1,2
2024-07-27,74.0,74.0,223.0,8.716216216216216,61.66666666666667,2024,7,5,1,1,2
2024-07-28,76.0,76.0,232.0,8.855263157894736,63.33333333333333,2024,7,6,0,1,2
2024-07-29,73.0,73.0,224.0,8.945205479452055,60.83333333333333,2024,7,0,0,1,2
2024-07-30,81.0,81.0,246.0,9.135802469135802,67.5,2024,7,1,0,1,2
2024-07-31,80.0,80.0,262.0,9.425,66.66666666666666,2024,7,2,0,1,2
2024-08-01,78.0,78.0,250.0,9.371794871794872,65.0,2024,8,3,0,1,2
2024-08-02,80.0,80.0,250.0,9.4125,66.66666666666666,2024,8,4,1,1,2
2024-08-03,92.0,92.0,285.0,9.184782608695652,76.66666666666667,2024,8,5,1,1,2
2024-08-04,95.0,95.0,283.0,9.073684210526316,79.16666666666666,2024,8,6,0,1,2
2024-08-05,94.0,94.0,281.0,9.191489361702128,78.33333333333333,2024,8,0,0,1,2
2024-08-06,83.0,83.0,239.0,9.313253012048193,69.16666666666667,2024,8,1,0,1,2
2024-08-07,77.0,77.0,220.0,9.467532467532468,64.16666666666667,2024,8,2,0,1,2
2024-08-08,78.0,78.0,239.0,9.14102564102564,65.0,2024,8,3,0,1,2
2024-08-09,76.0,76.0,237.0,9.276315789473685,63.33333333333333,2024,8,4,1,1,2
2024-08-10,69.0,69.0,218.0,9.681159420289855,57.49999999999999,2024,8,5,1,1,2
2024-08-11,69.0,69.0,222.0,9.26086956521739,57.49999999999999,2024,8,6,0,1,2
2024-08-12,74.0,74.0,242.0,8.932432432432432,61.66666666666667,2024,8,0,0,1,2
2024-08-13,77.0,77.0,250.0,8.792207792207792,64.16666666666667,2024,8,1,0,1,2
2024-08-14,80.0,80.0,254.0,8.6,66.66666666666666,2024,8,2,0,1,2
2024-08-15,78.0,78.0,244.0,8.564102564102564,65.0,2024,8,3,0,1,2
2024-08-16,78.0,78.0,237.0,8.371794871794872,65.0,2024,8,4,1,1,2
2024-08-17,75.0,75.0,221.0,8.093333333333334,62.5,2024,8,5,1,1,2
2024-08-18,80.0,80.0,236.0,8.275,66.66666666666666,2024,8,6,0,1,2
2024-08-19,79.0,79.0,235.0,8.30379746835443,65.83333333333333,2024,8,0,0,1,2
2024-08-20,78.0,78.0,245.0,8.179487179487179,65.0,2024,8,1,0,1,2
2024-08-21,81.0,81.0,265.0,8.049382716049383,67.5,2024,8,2,0,1,2
2024-08-22,80.0,80.0,272.0,8.25,66.66666666666666,2024,8,3,0,1,2
2024-08-23,78.0,78.0,274.0,8.512820512820513,65.0,2024,8,4,1,1,2
2024-08-24,79.0,79.0,282.0,8.518987341772151,65.83333333333333,2024,8,5,1,1,2
2024-08-25,75.0,75.0,250.0,8.653333333333334,62.5,2024,8,6,0,1,2
2024-08-26,80.0,80.0,255.0,8.6875,66.66666666666666,2024,8,0,0,1,2
2024-08-27,77.0,77.0,235.0,8.675324675324676,64.16666666666667,2024,8,1,0,1,2
2024-08-28,79.0,79.0,237.0,8.30379746835443,65.83333333333333,2024,8,2,0,1,2
2024-08-29,84.0,84.0,245.0,8.142857142857142,70.0,2024,8,3,0,1,2
2024-08-30,83.0,83.0,247.0,8.27710843373494,69.16666666666667,2024,8,4,1,1,2
2024-08-31,85.0,85.0,267.0,8.258823529411766,70.83333333333334,2024,8,5,1,1,2
2024-09-01,78.0,78.0,245.0,8.487179487179487,65.0,2024,9,6,0,1,3
2024-09-02,77.0,77.0,241.0,8.03896103896104,64.16666666666667,2024,9,0,0,0,3
2024-09-03,63.0,63.0,197.0,8.380952380952381,52.5,2024,9,1,0,0,3
2024-09-04,54.0,54.0,169.0,8.685185185185185,45.0,2024,9,2,0,0,3
2024-09-05,42.0,42.0,139.0,8.642857142857142,35.0,2024,9,3,0,0,3
2024-09-06,39.0,39.0,135.0,8.051282051282051,32.5,2024,9,4,1,0,3
2024-09-07,28.0,28.0,95.0,8.071428571428571,23.333333333333332,2024,9,5,1,0,3
2024-09-08,24.0,24.0,74.0,8.208333333333334,20.0,2024,9,6,0,0,3
2024-09-09,23.0,23.0,62.0,7.086956521739131,19.166666666666668,2024,9,0,0,0,3
2024-09-10,22.0,22.0,60.0,6.636363636363637,18.333333333333332,2024,9,1,0,0,3
2024-09-11,22.0,22.0,53.0,5.909090909090909,18.333333333333332,2024,9,2,0,0,3
2024-09-12,21.0,21.0,52.0,6.428571428571429,17.5,2024,9,3,0,0,3
2024-09-13,21.0,21.0,56.0,5.857142857142857,17.5,2024,9,4,1,0,3
2024-09-14,21.0,21.0,59.0,5.095238095238095,17.5,2024,9,5,1,0,3
2024-09-15,19.0,19.0,54.0,4.947368421052632,15.833333333333332,2024,9,6,0,0,3
2024-09-16,15.0,15.0,39.0,5.066666666666666,12.5,2024,9,0,0,0,3
2024-09-17,13.0,13.0,35.0,4.6923076923076925,10.833333333333334,2024,9,1,0,0,3
2024-09-18,9.0,9.0,22.0,4.444444444444445,7.5,2024,9,2,0,0,3
2024-09-19,9.0,9.0,19.0,4.777777777777778,7.5,2024,9,3,0,0,3
2024-09-20,16.0,16.0,41.0,4.0,13.333333333333334,2024,9,4,1,0,3
2024-09-21,19.0,19.0,52.0,3.6842105263157894,15.833333333333332,2024,9,5,1,0,3
2024-09-22,18.0,18.0,49.0,4.0,15.0,2024,9,6,0,0,3
2024-09-23,15.0,15.0,42.0,4.466666666666667,12.5,2024,9,0,0,0,3
2024-09-24,17.0,17.0,52.0,4.176470588235294,14.166666666666666,2024,9,1,0,0,3
2024-09-25,12.0,12.0,36.0,4.0,10.0,2024,9,2,0,0,3
2024-09-26,11.0,11.0,45.0,4.181818181818182,9.166666666666666,2024,9,3,0,0,3
2024-09-27,12.0,12.0,45.0,4.166666666666667,10.0,2024,9,4,1,0,3
2024-09-28,12.0,12.0,45.0,3.9166666666666665,10.0,2024,9,5,1,0,3
2024-09-29,14.0,14.0,47.0,4.142857142857143,11.666666666666666,2024,9,6,0,0,3
2024-09-30,11.0,11.0,33.0,4.454545454545454,9.166666666666666,2024,9,0,0,0,3
2024-10-01,11.0,11.0,24.0,4.454545454545454,9.166666666666666,2024,10,1,0,0,3
2024-10-02,12.0,12.0,31.0,4.416666666666667,10.0,2024,10,2,0,0,3
2024-10-03,15.0,15.0,47.0,4.466666666666667,12.5,2024,10,3,0,0,3
2024-10-04,16.0,16.0,50.0,4.3125,13.333333333333334,2024,10,4,1,0,3
2024-10-05,17.0,17.0,52.0,4.117647058823529,14.166666666666666,2024,10,5,1,0,3
2024-10-06,12.0,12.0,39.0,4.666666666666667,10.0,2024,10,6,0,0,3
2024-10-07,11.0,11.0,34.0,5.0,9.166666666666666,2024,10,0,0,0,3
2024-10-08,9.0,9.0,31.0,5.444444444444445,7.5,2024,10,1,0,0,3
2024-10-09,8.0,8.0,26.0,5.375,6.666666666666667,2024,10,2,0,0,3
2024-10-10,9.0,9.0,41.0,4.888888888888889,7.5,2024,10,3,0,0,3
2024-10-11,14.0,14.0,57.0,4.642857142857143,11.666666666666666,2024,10,4,1,0,3
2024-10-12,20.0,20.0,81.0,4.25,16.666666666666664,2024,10,5,1,0,3
2024-10-13,19.0,19.0,79.0,4.2631578947368425,15.833333333333332,2024,10,6,0,0,3
2024-10-14,14.0,14.0,48.0,4.714285714285714,11.666666666666666,2024,10,0,0,1,3
2024-10-15,11.0,11.0,35.0,5.818181818181818,9.166666666666666,2024,10,1,0,1,3
2024-10-16,16.0,16.0,55.0,7.0625,13.333333333333334,2024,10,2,0,1,3
2024-10-17,20.0,20.0,63.0,7.75,16.666666666666664,2024,10,3,0,1,3
2024-10-18,22.0,22.0,69.0,8.0,18.333333333333332,2024,10,4,1,1,3
2024-10-19,25.0,25.0,72.0,8.12,20.833333333333336,2024,10,5,1,1,3
2024-10-20,26.0,26.0,79.0,8.192307692307692,21.666666666666668,2024,10,6,0,1,3
2024-10-21,25.0,25.0,79.0,8.76,20.833333333333336,2024,10,0,0,1,3
2024-10-22,27.0,27.0,86.0,9.074074074074074,22.5,2024,10,1,0,1,3
2024-10-23,27.0,27.0,83.0,9.74074074074074,22.5,2024,10,2,0,1,3
2024-10-24,32.0,32.0,100.0,9.1875,26.666666666666668,2024,10,3,0,1,3
2024-10-25,36.0,36.0,114.0,9.055555555555555,30.0,2024,10,4,1,1,3
2024-10-26,38.0,38.0,126.0,9.052631578947368,31.666666666666664,2024,10,5,1,1,3
2024-10-27,39.0,39.0,127.0,9.0,32.5,2024,10,6,0,1,3
2024-10-28,40.0,40.0,131.0,8.775,33.33333333333333,2024,10,0,0,0,3
2024-10-29,42.0,42.0,140.0,8.071428571428571,35.0,2024,10,1,0,0,3
2024-10-30,39.0,39.0,128.0,7.871794871794871,32.5,2024,10,2,0,0,3
2024-10-31,33.0,33.0,107.0,8.030303030303031,27.500000000000004,2024,10,3,0,0,3
2024-11-01,29.0,29.0,98.0,7.9655172413793105,24.166666666666668,2024,11,4,1,0,3
2024-11-02,21.0,21.0,73.0,8.333333333333334,17.5,2024,11,5,1,0,3
2024-11-03,12.0,12.0,51.0,9.25,10.0,2024,11,6,0,0,3
2024-11-04,8.0,8.0,33.0,8.5,6.666666666666667,2024,11,0,0,0,3
2024-11-05,5.0,5.0,21.0,8.4,4.166666666666666,2024,11,1,0,0,3
2024-11-06,2.0,2.0,5.0,10.5,1.6666666666666667,2024,11,2,0,0,3
2024-11-07,6.0,6.0,17.0,6.5,5.0,2024,11,3,0,0,3
2024-11-08,6.0,6.0,16.0,5.833333333333333,5.0,2024,11,4,1,0,3
2024-11-09,6.0,6.0,14.0,3.8333333333333335,5.0,2024,11,5,1,0,3
2024-11-10,7.0,7.0,15.0,4.0,5.833333333333333,2024,11,6,0,0,3
2024-11-11,6.0,6.0,13.0,4.333333333333333,5.0,2024,11,0,0,0,3
2024-11-12,5.0,5.0,11.0,4.2,4.166666666666666,2024,11,1,0,0,3
2024-11-13,6.0,6.0,15.0,4.166666666666667,5.0,2024,11,2,0,0,3
2024-11-14,7.0,7.0,25.0,4.142857142857143,5.833333333333333,2024,11,3,0,0,3
2024-11-15,4.0,4.0,20.0,4.0,3.3333333333333335,2024,11,4,1,0,3
2024-11-16,3.0,3.0,12.0,4.666666666666667,2.5,2024,11,5,1,0,3
2024-11-17,1.0,1.0,4.0,5.0,0.8333333333333334,2024,11,6,0,0,3
2024-11-18,4.0,4.0,19.0,4.5,3.3333333333333335,2024,11,0,0,0,3
2024-11-19,5.0,5.0,22.0,4.4,4.166666666666666,2024,11,1,0,0,3
2024-11-20,6.0,6.0,24.0,4.0,5.0,2024,11,2,0,0,3
2024-11-21,7.0,7.0,32.0,4.428571428571429,5.833333333333333,2024,11,3,0,0,3
2024-11-22,6.0,6.0,26.0,4.166666666666667,5.0,2024,11,4,1,0,3
2024-11-23,7.0,7.0,22.0,3.7142857142857144,5.833333333333333,2024,11,5,1,0,3
2024-11-24,5.0,5.0,19.0,4.4,4.166666666666666,2024,11,6,0,0,3
2024-11-25,5.0,5.0,18.0,5.4,4.166666666666666,2024,11,0,0,0,3
2024-11-26,4.0,4.0,13.0,4.25,3.3333333333333335,2024,11,1,0,0,3
2024-11-27,3.0,3.0,12.0,4.333333333333333,2.5,2024,11,2,0,0,3
2024-11-28,3.0,3.0,9.0,5.333333333333333,2.5,2024,11,3,0,0,3
2024-11-29,4.0,4.0,11.0,4.75,3.3333333333333335,2024,11,4,1,0,3
2024-11-30,6.0,6.0,17.0,4.666666666666667,5.0,2024,11,5,1,0,3
2024-12-01,10.0,10.0,26.0,4.8,8.333333333333332,2024,12,6,0,0,0
2024-12-02,11.0,11.0,33.0,4.454545454545454,9.166666666666666,2024,12,0,0,0,0
2024-12-03,14.0,14.0,42.0,3.9285714285714284,11.666666666666666,2024,12,1,0,0,0
2024-12-04,14.0,14.0,43.0,3.7857142857142856,11.666666666666666,2024,12,2,0,0,0
2024-12-05,8.0,8.0,21.0,4.0,6.666666666666667,2024,12,3,0,0,0
2024-12-06,6.0,6.0,17.0,4.833333333333333,5.0,2024,12,4,1,0,0
2024-12-07,11.0,11.0,36.0,3.3636363636363638,9.166666666666666,2024,12,5,1,0,0
2024-12-08,13.0,13.0,41.0,3.1538461538461537,10.833333333333334,2024,12,6,0,0,0
2024-12-09,8.0,8.0,27.0,4.25,6.666666666666667,2024,12,0,0,0,0
2024-12-10,9.0,9.0,30.0,4.777777777777778,7.5,2024,12,1,0,0,0
2024-12-11,10.0,10.0,29.0,5.0,8.333333333333332,2024,12,2,0,0,0
2024-12-12,10.0,10.0,28.0,5.4,8.333333333333332,2024,12,3,0,0,0
2024-12-13,12.0,12.0,40.0,4.833333333333333,10.0,2024,12,4,1,0,0
2024-12-14,15.0,15.0,50.0,4.133333333333334,12.5,2024,12,5,1,0,0
2024-12-15,11.0,11.0,36.0,4.454545454545454,9.166666666666666,2024,12,6,0,0,0
2024-12-16,10.0,10.0,26.0,5.1,8.333333333333332,2024,12,0,0,0,0
2024-12-17,12.0,12.0,31.0,4.5,10.0,2024,12,1,0,0,0
2024-12-18,15.0,15.0,42.0,4.066666666666666,12.5,2024,12,2,0,0,0
2024-12-19,14.0,14.0,41.0,4.357142857142857,11.666666666666666,2024,12,3,0,0,0
2024-12-20,23.0,23.0,65.0,6.478260869565218,19.166666666666668,2024,12,4,1,1,0
2024-12-21,22.0,22.0,64.0,7.7727272727272725,18.333333333333332,2024,12,5,1,1,0
2024-12-22,23.0,23.0,71.0,8.08695652173913,19.166666666666668,2024,12,6,0,1,0
2024-12-23,25.0,25.0,79.0,8.32,20.833333333333336,2024,12,0,0,1,0
2024-12-24,24.0,24.0,75.0,8.458333333333334,20.0,2024,12,1,0,1,0
2024-12-25,30.0,30.0,95.0,8.066666666666666,25.0,2024,12,2,0,1,0
2024-12-26,28.0,28.0,90.0,8.357142857142858,23.333333333333332,2024,12,3,0,1,0
2024-12-27,27.0,27.0,82.0,8.407407407407407,22.5,2024,12,4,1,1,0
2024-12-28,30.0,30.0,90.0,8.4,25.0,2024,12,5,1,1,0
2024-12-29,31.0,31.0,88.0,8.774193548387096,25.833333333333336,2024,12,6,0,1,0
2024-12-30,29.0,29.0,84.0,8.862068965517242,24.166666666666668,2024,12,0,0,1,0
2024-12-31,29.0,29.0,81.0,9.137931034482758,24.166666666666668,2024,12,1,0,1,0
2025-01-01,28.0,28.0,76.0,9.428571428571429,23.333333333333332,2025,1,2,0,1,0
2025-01-02,28.0,28.0,76.0,9.607142857142858,23.333333333333332,2025,1,3,0,1,0
2025-01-03,21.0,21.0,56.0,9.904761904761905,17.5,2025,1,4,1,1,0
2025-01-04,22.0,22.0,57.0,9.5,18.333333333333332,2025,1,5,1,1,0
2025-01-05,21.0,21.0,57.0,9.142857142857142,17.5,2025,1,6,0,1,0
2025-01-06,20.0,20.0,49.0,8.6,16.666666666666664,2025,1,0,0,0,0
2025-01-07,15.0,15.0,35.0,8.733333333333333,12.5,2025,1,1,0,0,0
2025-01-08,12.0,12.0,24.0,8.916666666666666,10.0,2025,1,2,0,0,0
2025-01-09,13.0,13.0,28.0,8.076923076923077,10.833333333333334,2025,1,3,0,0,0
2025-01-10,12.0,12.0,27.0,8.333333333333334,10.0,2025,1,4,1,0,0
2025-01-11,10.0,10.0,25.0,7.3,8.333333333333332,2025,1,5,1,0,0
2025-01-12,7.0,7.0,17.0,7.0,5.833333333333333,2025,1,6,0,0,0
2025-01-13,4.0,4.0,7.0,7.5,3.3333333333333335,2025,1,0,0,0,0
2025-01-14,4.0,4.0,9.0,3.5,3.3333333333333335,2025,1,1,0,0,0
2025-01-15,3.0,3.0,7.0,5.0,2.5,2025,1,2,0,0,0
2025-01-16,4.0,4.0,12.0,4.75,3.3333333333333335,2025,1,3,0,0,0
2025-01-17,6.0,6.0,19.0,4.666666666666667,5.0,2025,1,4,1,0,0
2025-01-18,4.0,4.0,13.0,5.0,3.3333333333333335,2025,1,5,1,0,0
2025-01-19,4.0,4.0,12.0,5.5,3.3333333333333335,2025,1,6,0,0,0
2025-01-20,3.0,3.0,7.0,6.0,2.5,2025,1,0,0,0,0
2025-01-21,3.0,3.0,7.0,6.0,2.5,2025,1,1,0,0,0
2025-01-22,2.0,2.0,6.0,5.5,1.6666666666666667,2025,1,2,0,0,0
2025-01-23,1.0,1.0,3.0,7.0,0.8333333333333334,2025,1,3,0,0,0
2025-01-24,1.0,1.0,3.0,2.0,0.8333333333333334,2025,1,4,1,0,0
2025-01-25,2.0,2.0,4.0,2.5,1.6666666666666667,2025,1,5,1,0,0
2025-01-26,2.0,2.0,5.0,5.0,1.6666666666666667,2025,1,6,0,0,0
2025-01-27,4.0,4.0,10.0,3.75,3.3333333333333335,2025,1,0,0,0,0
2025-01-28,3.0,3.0,9.0,4.0,2.5,2025,1,1,0,0,0
2025-01-29,2.0,2.0,6.0,5.0,1.6666666666666667,2025,1,2,0,0,0
2025-01-30,1.0,1.0,4.0,7.0,0.8333333333333334,2025,1,3,0,0,0
2025-01-31,2.0,2.0,5.0,5.0,1.6666666666666667,2025,1,4,1,0,0
2025-02-01,5.0,5.0,11.0,3.8,4.166666666666666,2025,2,5,1,0,0
2025-02-02,9.0,9.0,18.0,3.4444444444444446,7.5,2025,2,6,0,0,0
2025-02-03,9.0,9.0,24.0,3.6666666666666665,7.5,2025,2,0,0,0,0
2025-02-04,8.0,8.0,22.0,3.875,6.666666666666667,2025,2,1,0,0,0
2025-02-05,6.0,6.0,21.0,4.666666666666667,5.0,2025,2,2,0,0,0
2025-02-06,4.0,4.0,14.0,5.75,3.3333333333333335,2025,2,3,0,0,0
2025-02-07,5.0,5.0,16.0,5.4,4.166666666666666,2025,2,4,1,0,0
2025-02-08,8.0,8.0,21.0,4.25,6.666666666666667,2025,2,5,1,0,0
2025-02-09,8.0,8.0,23.0,3.875,6.666666666666667,2025,2,6,0,0,0
2025-02-10,5.0,5.0,16.0,4.2,4.166666666666666,2025,2,0,0,0,0
2025-02-11,4.0,4.0,15.0,4.5,3.3333333333333335,2025,2,1,0,0,0
2025-02-12,2.0,2.0,9.0,5.5,1.6666666666666667,2025,2,2,0,0,0
2025-02-13,0.0,0.0,0.0,0.0,0.0,2025,2,3,0,0,0
2025-02-14,0.0,0.0,0.0,0.0,0.0,2025,2,4,1,0,0
2025-02-15,1.0,1.0,4.0,4.0,0.8333333333333334,2025,2,5,1,0,0
2025-02-16,1.0,1.0,4.0,4.0,0.8333333333333334,2025,2,6,0,0,0
2025-02-17,2.0,2.0,5.0,5.5,1.6666666666666667,2025,2,0,0,0,0
2025-02-18,3.0,3.0,10.0,4.666666666666667,2.5,2025,2,1,0,0,0
2025-02-19,4.0,4.0,9.0,4.75,3.3333333333333335,2025,2,2,0,0,0
2025-02-20,6.0,6.0,14.0,4.0,5.0,2025,2,3,0,0,0
2025-02-21,7.0,7.0,16.0,3.5714285714285716,5.833333333333333,2025,2,4,1,0,0
2025-02-22,7.0,7.0,15.0,3.5714285714285716,5.833333333333333,2025,2,5,1,0,0
2025-02-23,5.0,5.0,10.0,3.8,4.166666666666666,2025,2,6,0,0,0
2025-02-24,2.0,2.0,6.0,2.5,1.6666666666666667,2025,2,0,0,0,0
2025-02-25,2.0,2.0,5.0,3.5,1.6666666666666667,2025,2,1,0,0,0
2025-02-26,4.0,4.0,13.0,4.0,3.3333333333333335,2025,2,2,0,0,0
2025-02-27,5.0,5.0,16.0,4.6,4.166666666666666,2025,2,3,0,0,0
2025-02-28,6.0,6.0,19.0,5.0,5.0,2025,2,4,1,0,0
2025-03-01,10.0,10.0,30.0,3.7,8.333333333333332,2025,3,5,1,0,1
2025-03-02,12.0,12.0,37.0,3.6666666666666665,10.0,2025,3,6,0,0,1
2025-03-03,8.0,8.0,24.0,3.75,6.666666666666667,2025,3,0,0,0,1
2025-03-04,7.0,7.0,22.0,3.857142857142857,5.833333333333333,2025,3,1,0,0,1
2025-03-05,5.0,5.0,17.0,5.8,4.166666666666666,2025,3,2,0,0,1
2025-03-06,3.0,3.0,10.0,6.0,2.5,2025,3,3,0,0,1
2025-03-07,6.0,6.0,19.0,5.166666666666667,5.0,2025,3,4,1,0,1
2025-03-08,7.0,7.0,21.0,5.285714285714286,5.833333333333333,2025,3,5,1,0,1
2025-03-09,8.0,8.0,26.0,5.5,6.666666666666667,2025,3,6,0,0,1
2025-03-10,10.0,10.0,32.0,5.3,8.333333333333332,2025,3,0,0,0,1
2025-03-11,10.0,10.0,33.0,6.0,8.333333333333332,2025,3,1,0,0,1
2025-03-12,9.0,9.0,28.0,5.333333333333333,7.5,2025,3,2,0,0,1
2025-03-13,10.0,10.0,30.0,4.9,8.333333333333332,2025,3,3,0,0,1
2025-03-14,7.0,7.0,25.0,4.714285714285714,5.833333333333333,2025,3,4,1,0,1
2025-03-15,6.0,6.0,25.0,4.833333333333333,5.0,2025,3,5,1,0,1
2025-03-16,5.0,5.0,22.0,6.2,4.166666666666666,2025,3,6,0,0,1
2025-03-17,7.0,7.0,27.0,5.857142857142857,5.833333333333333,2025,3,0,0,0,1
2025-03-18,7.0,7.0,26.0,4.571428571428571,5.833333333333333,2025,3,1,0,0,1
2025-03-19,8.0,8.0,28.0,4.625,6.666666666666667,2025,3,2,0,0,1
2025-03-20,6.0,6.0,17.0,5.0,5.0,2025,3,3,0,0,1
2025-03-21,7.0,7.0,20.0,4.714285714285714,5.833333333333333,2025,3,4,1,0,1
2025-03-22,9.0,9.0,27.0,4.666666666666667,7.5,2025,3,5,1,0,1
2025-03-23,7.0,7.0,20.0,4.714285714285714,5.833333333333333,2025,3,6,0,0,1
2025-03-24,5.0,5.0,12.0,4.2,4.166666666666666,2025,3,0,0,0,1
2025-03-25,5.0,5.0,11.0,4.2,4.166666666666666,2025,3,1,0,0,1
2025-03-26,5.0,5.0,10.0,4.2,4.166666666666666,2025,3,2,0,0,1
2025-03-27,7.0,7.0,17.0,4.142857142857143,5.833333333333333,2025,3,3,0,0,1
2025-03-28,8.0,8.0,19.0,3.875,6.666666666666667,2025,3,4,1,0,1
2025-03-29,7.0,7.0,20.0,3.7142857142857144,5.833333333333333,2025,3,5,1,0,1
2025-03-30,3.0,3.0,11.0,4.666666666666667,2.5,2025,3,6,0,0,1
2025-03-31,5.0,5.0,19.0,4.0,4.166666666666666,2025,3,0,0,0,1
2025-04-01,5.0,5.0,20.0,3.2,4.166666666666666,2025,4,1,0,0,1
2025-04-02,5.0,5.0,17.0,3.6,4.166666666666666,2025,4,2,0,0,1
2025-04-03,8.0,8.0,28.0,4.5,6.666666666666667,2025,4,3,0,0,1
2025-04-04,12.0,12.0,37.0,3.5833333333333335,10.0,2025,4,4,1,0,1
2025-04-05,13.0,13.0,38.0,3.5384615384615383,10.833333333333334,2025,4,5,1,0,1
2025-04-06,10.0,10.0,31.0,4.2,8.333333333333332,2025,4,6,0,0,1
2025-04-07,10.0,10.0,28.0,4.3,8.333333333333332,2025,4,0,0,0,1
2025-04-08,7.0,7.0,18.0,4.285714285714286,5.833333333333333,2025,4,1,0,0,1
2025-04-09,7.0,7.0,19.0,4.857142857142857,5.833333333333333,2025,4,2,0,0,1
2025-04-10,6.0,6.0,15.0,4.166666666666667,5.0,2025,4,3,0,0,1
2025-04-11,10.0,10.0,27.0,3.5,8.333333333333332,2025,4,4,1,0,1
2025-04-12,16.0,16.0,40.0,3.875,13.333333333333334,2025,4,5,1,0,1
2025-04-13,16.0,16.0,42.0,4.0625,13.333333333333334,2025,4,6,0,0,1
2025-04-14,10.0,10.0,22.0,4.6,8.333333333333332,2025,4,0,0,0,1
2025-04-15,8.0,8.0,22.0,4.875,6.666666666666667,2025,4,1,0,0,1
2025-04-16,9.0,9.0,25.0,4.666666666666667,7.5,2025,4,2,0,0,1
2025-04-17,8.0,8.0,21.0,5.125,6.666666666666667,2025,4,3,0,0,1
2025-04-18,14.0,14.0,42.0,4.5,11.666666666666666,2025,4,4,1,0,1
2025-04-19,13.0,13.0,39.0,3.769230769230769,10.833333333333334,2025,4,5,1,0,1
2025-04-20,14.0,14.0,42.0,4.071428571428571,11.666666666666666,2025,4,6,0,0,1
2025-04-21,19.0,19.0,50.0,6.526315789473684,15.833333333333332,2025,4,0,0,1,1
2025-04-22,21.0,21.0,55.0,6.761904761904762,17.5,2025,4,1,0,1,1
2025-04-23,20.0,20.0,47.0,7.5,16.666666666666664,2025,4,2,0,1,1
2025-04-24,23.0,23.0,59.0,7.217391304347826,19.166666666666668,2025,4,3,0,1,1
2025-04-25,29.0,29.0,76.0,7.379310344827586,24.166666666666668,2025,4,4,1,1,1
2025-04-26,30.0,30.0,81.0,7.766666666666667,25.0,2025,4,5,1,1,1
2025-04-27,31.0,31.0,82.0,8.193548387096774,25.833333333333336,2025,4,6,0,1,1
2025-04-28,31.0,31.0,87.0,8.03225806451613,25.833333333333336,2025,4,0,0,1,1
2025-04-29,34.0,34.0,94.0,8.264705882352942,28.333333333333332,2025,4,1,0,1,1
2025-04-30,35.0,35.0,104.0,8.714285714285714,29.166666666666668,2025,4,2,0,1,1
2025-05-01,32.0,32.0,99.0,8.59375,26.666666666666668,2025,5,3,0,1,1
2025-05-02,35.0,35.0,103.0,9.228571428571428,29.166666666666668,2025,5,4,1,1,1
2025-05-03,37.0,37.0,105.0,8.945945945945946,30.833333333333336,2025,5,5,1,1,1
2025-05-04,38.0,38.0,108.0,8.894736842105264,31.666666666666664,2025,5,6,0,1,1
2025-05-05,39.0,39.0,113.0,8.307692307692308,32.5,2025,5,0,0,1,1
2025-05-06,40.0,40.0,116.0,8.45,33.33333333333333,2025,5,1,0,1,1
2025-05-07,32.0,32.0,94.0,8.9375,26.666666666666668,2025,5,2,0,1,1
2025-05-08,36.0,36.0,100.0,8.722222222222221,30.0,2025,5,3,0,1,1
2025-05-09,32.0,32.0,102.0,8.09375,26.666666666666668,2025,5,4,1,1,1
2025-05-10,37.0,37.0,120.0,8.162162162162161,30.833333333333336,2025,5,5,1,1,1
2025-05-11,34.0,34.0,113.0,8.323529411764707,28.333333333333332,2025,5,6,0,1,1
2025-05-12,33.0,33.0,106.0,8.363636363636363,27.500000000000004,2025,5,0,0,0,1
2025-05-13,31.0,31.0,99.0,8.387096774193548,25.833333333333336,2025,5,1,0,0,1
2025-05-14,30.0,30.0,95.0,8.066666666666666,25.0,2025,5,2,0,0,1
2025-05-15,27.0,27.0,86.0,8.037037037037036,22.5,2025,5,3,0,0,1
2025-05-16,25.0,25.0,78.0,6.48,20.833333333333336,2025,5,4,1,0,1
2025-05-17,25.0,25.0,67.0,6.48,20.833333333333336,2025,5,5,1,0,1
2025-05-18,21.0,21.0,59.0,6.809523809523809,17.5,2025,5,6,0,0,1
2025-05-19,13.0,13.0,37.0,8.384615384615385,10.833333333333334,2025,5,0,0,0,1
2025-05-20,11.0,11.0,28.0,7.7272727272727275,9.166666666666666,2025,5,1,0,0,1
2025-05-21,12.0,12.0,30.0,6.916666666666667,10.0,2025,5,2,0,0,1
2025-05-22,14.0,14.0,36.0,6.428571428571429,11.666666666666666,2025,5,3,0,0,1
2025-05-23,13.0,13.0,36.0,6.615384615384615,10.833333333333334,2025,5,4,1,0,1
2025-05-24,11.0,11.0,36.0,4.090909090909091,9.166666666666666,2025,5,5,1,0,1
2025-05-25,12.0,12.0,29.0,3.9166666666666665,10.0,2025,5,6,0,0,1
2025-05-26,9.0,9.0,22.0,4.444444444444445,7.5,2025,5,0,0,0,1
2025-05-27,10.0,10.0,22.0,4.3,8.333333333333332,2025,5,1,0,0,1
2025-05-28,8.0,8.0,16.0,4.0,6.666666666666667,2025,5,2,0,0,1
2025-05-29,8.0,8.0,18.0,3.75,6.666666666666667,2025,5,3,0,0,1
2025-05-30,9.0,9.0,26.0,3.3333333333333335,7.5,2025,5,4,1,0,1
2025-05-31,11.0,11.0,38.0,3.727272727272727,9.166666666666666,2025,5,5,1,0,1
2025-06-01,14.0,14.0,39.0,3.9285714285714284,11.666666666666666,2025,6,6,0,0,2
2025-06-02,12.0,12.0,30.0,4.083333333333333,10.0,2025,6,0,0,0,2
2025-06-03,13.0,13.0,35.0,4.538461538461538,10.833333333333334,2025,6,1,0,0,2
2025-06-04,15.0,15.0,37.0,4.6,12.5,2025,6,2,0,0,2
2025-06-05,13.0,13.0,33.0,4.6923076923076925,10.833333333333334,2025,6,3,0,0,2
2025-06-06,22.0,22.0,66.0,4.136363636363637,18.333333333333332,2025,6,4,1,0,2
2025-06-07,29.0,29.0,88.0,3.7241379310344827,24.166666666666668,2025,6,5,1,0,2
2025-06-08,23.0,23.0,74.0,3.8260869565217392,19.166666666666668,2025,6,6,0,0,2
2025-06-09,15.0,15.0,49.0,4.666666666666667,12.5,2025,6,0,0,0,2
2025-06-10,11.0,11.0,33.0,4.454545454545454,9.166666666666666,2025,6,1,0,0,2
2025-06-11,17.0,17.0,54.0,3.8823529411764706,14.166666666666666,2025,6,2,0,0,2
2025-06-12,22.0,22.0,74.0,3.909090909090909,18.333333333333332,2025,6,3,0,0,2
2025-06-13,18.0,18.0,60.0,3.9444444444444446,15.0,2025,6,4,1,0,2
2025-06-14,15.0,15.0,45.0,3.7333333333333334,12.5,2025,6,5,1,0,2
2025-06-15,11.0,11.0,31.0,3.727272727272727,9.166666666666666,2025,6,6,0,0,2
2025-06-16,11.0,11.0,32.0,3.8181818181818183,9.166666666666666,2025,6,0,0,0,2
2025-06-17,9.0,9.0,26.0,3.888888888888889,7.5,2025,6,1,0,0,2
2025-06-18,13.0,13.0,36.0,3.076923076923077,10.833333333333334,2025,6,2,0,0,2
2025-06-19,18.0,18.0,52.0,3.5,15.0,2025,6,3,0,0,2
2025-06-20,17.0,17.0,56.0,3.588235294117647,14.166666666666666,2025,6,4,1,0,2
2025-06-21,26.0,26.0,80.0,3.423076923076923,21.666666666666668,2025,6,5,1,0,2
2025-06-22,21.0,21.0,61.0,3.5238095238095237,17.5,2025,6,6,0,0,2
2025-06-23,13.0,13.0,46.0,4.461538461538462,10.833333333333334,2025,6,0,0,0,2
2025-06-24,14.0,14.0,44.0,4.357142857142857,11.666666666666666,2025,6,1,0,0,2
2025-06-25,16.0,16.0,51.0,4.3125,13.333333333333334,2025,6,2,0,0,2
2025-06-26,19.0,19.0,56.0,4.2105263157894735,15.833333333333332,2025,6,3,0,0,2
2025-06-27,20.0,20.0,66.0,4.05,16.666666666666664,2025,6,4,1,0,2
2025-06-28,24.0,24.0,67.0,3.5,20.0,2025,6,5,1,0,2
2025-06-29,19.0,19.0,57.0,3.9473684210526314,15.833333333333332,2025,6,6,0,0,2
2025-06-30,15.0,15.0,42.0,4.6,12.5,2025,6,0,0,0,2
2025-07-01,20.0,20.0,65.0,6.6,16.666666666666664,2025,7,1,0,1,2
2025-07-02,26.0,26.0,98.0,6.730769230769231,21.666666666666668,2025,7,2,0,1,2
2025-07-03,33.0,33.0,114.0,7.0606060606060606,27.500000000000004,2025,7,3,0,1,2
2025-07-04,47.0,47.0,160.0,7.382978723404255,39.166666666666664,2025,7,4,1,1,2
2025-07-05,66.0,66.0,212.0,8.106060606060606,55.00000000000001,2025,7,5,1,1,2
2025-07-06,80.0,80.0,239.0,7.85,66.66666666666666,2025,7,6,0,1,2
2025-07-07,92.0,92.0,265.0,7.739130434782608,76.66666666666667,2025,7,0,0,1,2
2025-07-08,100.0,100.0,289.0,7.73,83.33333333333334,2025,7,1,0,1,2
2025-07-09,98.0,98.0,282.0,7.928571428571429,81.66666666666667,2025,7,2,0,1,2
2025-07-10,99.0,99.0,293.0,8.303030303030303,82.5,2025,7,3,0,1,2
2025-07-11,99.0,99.0,279.0,8.404040404040405,82.5,2025,7,4,1,1,2
2025-07-12,99.0,99.0,280.0,8.363636363636363,82.5,2025,7,5,1,1,2
2025-07-13,92.0,92.0,262.0,8.467391304347826,76.66666666666667,2025,7,6,0,1,2
2025-07-14,96.0,96.0,278.0,8.375,80.0,2025,7,0,0,1,2
2025-07-15,83.0,83.0,241.0,8.662650602409638,69.16666666666667,2025,7,1,0,1,2
2025-07-16,83.0,83.0,248.0,8.879518072289157,69.16666666666667,2025,7,2,0,1,2
2025-07-17,84.0,84.0,246.0,8.94047619047619,70.0,2025,7,3,0,1,2
2025-07-18,85.0,85.0,246.0,8.823529411764707,70.83333333333334,2025,7,4,1,1,2
2025-07-19,81.0,81.0,232.0,8.444444444444445,67.5,2025,7,5,1,1,2
2025-07-20,84.0,84.0,254.0,8.107142857142858,70.0,2025,7,6,0,1,2
2025-07-21,83.0,83.0,246.0,8.27710843373494,69.16666666666667,2025,7,0,0,1,2
2025-07-22,89.0,89.0,265.0,8.146067415730338,74.16666666666667,2025,7,1,0,1,2
2025-07-23,87.0,87.0,255.0,8.172413793103448,72.5,2025,7,2,0,1,2
2025-07-24,92.0,92.0,271.0,8.065217391304348,76.66666666666667,2025,7,3,0,1,2
2025-07-25,81.0,81.0,246.0,8.283950617283951,67.5,2025,7,4,1,1,2
2025-07-26,79.0,79.0,243.0,8.455696202531646,65.83333333333333,2025,7,5,1,1,2
2025-07-27,82.0,82.0,230.0,8.560975609756097,68.33333333333333,2025,7,6,0,1,2
2025-07-28,85.0,85.0,236.0,8.423529411764706,70.83333333333334,2025,7,0,0,1,2
2025-07-29,77.0,77.0,205.0,8.532467532467532,64.16666666666667,2025,7,1,0,1,2
2025-07-30,77.0,77.0,206.0,8.779220779220779,64.16666666666667,2025,7,2,0,1,2
2025-07-31,75.0,75.0,202.0,8.666666666666666,62.5,2025,7,3,0,1,2
2025-08-01,78.0,78.0,223.0,8.692307692307692,65.0,2025,8,4,1,1,2
2025-08-02,87.0,87.0,239.0,8.620689655172415,72.5,2025,8,5,1,1,2
2025-08-03,80.0,80.0,231.0,8.7875,66.66666666666666,2025,8,6,0,1,2
2025-08-04,87.0,87.0,258.0,8.597701149425287,72.5,2025,8,0,0,1,2
2025-08-05,82.0,82.0,243.0,8.74390243902439,68.33333333333333,2025,8,1,0,1,2
2025-08-06,81.0,81.0,244.0,8.74074074074074,67.5,2025,8,2,0,1,2
2025-08-07,76.0,76.0,235.0,8.802631578947368,63.33333333333333,2025,8,3,0,1,2
2025-08-08,75.0,75.0,232.0,8.746666666666666,62.5,2025,8,4,1,1,2
2025-08-09,79.0,79.0,236.0,8.810126582278482,65.83333333333333,2025,8,5,1,1,2
2025-08-10,78.0,78.0,225.0,8.846153846153847,65.0,2025,8,6,0,1,2
2025-08-11,71.0,71.0,192.0,9.154929577464788,59.166666666666664,2025,8,0,0,1,2
2025-08-12,71.0,71.0,199.0,9.04225352112676,59.166666666666664,2025,8,1,0,1,2
2025-08-13,68.0,68.0,191.0,9.117647058823529,56.666666666666664,2025,8,2,0,1,2
2025-08-14,65.0,65.0,204.0,8.846153846153847,54.166666666666664,2025,8,3,0,1,2
2025-08-15,71.0,71.0,216.0,8.450704225352112,59.166666666666664,2025,8,4,1,1,2
2025-08-16,75.0,75.0,228.0,8.106666666666667,62.5,2025,8,5,1,1,2
2025-08-17,80.0,80.0,247.0,8.1875,66.66666666666666,2025,8,6,0,1,2
2025-08-18,83.0,83.0,252.0,8.19277108433735,69.16666666666667,2025,8,0,0,1,2
2025-08-19,74.0,74.0,236.0,8.64864864864865,61.66666666666667,2025,8,1,0,1,2
2025-08-20,71.0,71.0,232.0,8.661971830985916,59.166666666666664,2025,8,2,0,1,2
2025-08-21,71.0,71.0,221.0,8.661971830985916,59.166666666666664,2025,8,3,0,1,2
2025-08-22,75.0,75.0,223.0,8.573333333333334,62.5,2025,8,4,1,1,2
2025-08-23,80.0,80.0,246.0,8.275,66.66666666666666,2025,8,5,1,1,2
2025-08-24,88.0,88.0,254.0,8.261363636363637,73.33333333333333,2025,8,6,0,1,2
2025-08-25,83.0,83.0,248.0,8.397590361445783,69.16666666666667,2025,8,0,0,1,2
2025-08-26,88.0,88.0,248.0,8.454545454545455,73.33333333333333,2025,8,1,0,1,2
2025-08-27,97.0,97.0,259.0,8.360824742268042,80.83333333333333,2025,8,2,0,1,2
2025-08-28,99.0,99.0,267.0,8.515151515151516,82.5,2025,8,3,0,1,2
2025-08-29,95.0,95.0,258.0,8.715789473684211,79.16666666666666,2025,8,4,1,1,2
2025-08-30,95.0,95.0,260.0,9.0,79.16666666666666,2025,8,5,1,1,2
2025-08-31,87.0,87.0,247.0,9.10344827586207,72.5,2025,8,6,0,1,2
2025-09-01,76.0,76.0,216.0,9.131578947368421,63.33333333333333,2025,9,0,0,0,3
2025-09-02,66.0,66.0,180.0,9.196969696969697,55.00000000000001,2025,9,1,0,0,3
2025-09-03,53.0,53.0,155.0,9.60377358490566,44.166666666666664,2025,9,2,0,0,3
2025-09-04,50.0,50.0,144.0,9.42,41.66666666666667,2025,9,3,0,0,3
2025-09-05,46.0,46.0,136.0,9.304347826086957,38.333333333333336,2025,9,4,1,0,3
2025-09-06,41.0,41.0,121.0,8.024390243902438,34.166666666666664,2025,9,5,1,0,3
2025-09-07,38.0,38.0,101.0,7.947368421052632,31.666666666666664,2025,9,6,0,0,3
2025-09-08,34.0,34.0,87.0,7.647058823529412,28.333333333333332,2025,9,0,0,0,3
2025-09-09,24.0,24.0,65.0,8.291666666666666,20.0,2025,9,1,0,0,3
2025-09-10,20.0,20.0,58.0,7.75,16.666666666666664,2025,9,2,0,0,3
2025-09-11,16.0,16.0,42.0,7.25,13.333333333333334,2025,9,3,0,0,3
2025-09-12,13.0,13.0,40.0,7.384615384615385,10.833333333333334,2025,9,4,1,0,3
2025-09-13,17.0,17.0,55.0,4.294117647058823,14.166666666666666,2025,9,5,1,0,3
2025-09-14,15.0,15.0,52.0,3.533333333333333,12.5,2025,9,6,0,0,3
2025-09-15,11.0,11.0,37.0,4.636363636363637,9.166666666666666,2025,9,0,0,0,3
2025-09-16,14.0,14.0,42.0,4.428571428571429,11.666666666666666,2025,9,1,0,0,3
2025-09-17,12.0,12.0,36.0,4.333333333333333,10.0,2025,9,2,0,0,3
2025-09-18,10.0,10.0,26.0,4.3,8.333333333333332,2025,9,3,0,0,3
2025-09-19,16.0,16.0,44.0,3.875,13.333333333333334,2025,9,4,1,0,3
2025-09-20,16.0,16.0,41.0,3.375,13.333333333333334,2025,9,5,1,0,3
2025-09-21,20.0,20.0,54.0,3.7,16.666666666666664,2025,9,6,0,0,3
2025-09-22,13.0,13.0,43.0,4.3076923076923075,10.833333333333334,2025,9,0,0,0,3
2025-09-23,12.0,12.0,42.0,4.083333333333333,10.0,2025,9,1,0,0,3
2025-09-24,10.0,10.0,37.0,4.1,8.333333333333332,2025,9,2,0,0,3
2025-09-25,14.0,14.0,45.0,3.857142857142857,11.666666666666666,2025,9,3,0,0,3
2025-09-26,13.0,13.0,37.0,3.1538461538461537,10.833333333333334,2025,9,4,1,0,3
2025-09-27,15.0,15.0,40.0,3.1333333333333333,12.5,2025,9,5,1,0,3
2025-09-28,13.0,13.0,43.0,4.153846153846154,10.833333333333334,2025,9,6,0,0,3
2025-09-29,15.0,15.0,47.0,4.333333333333333,12.5,2025,9,0,0,0,3
2025-09-30,12.0,12.0,42.0,4.5,10.0,2025,9,1,0,0,3
2025-10-01,13.0,13.0,42.0,4.384615384615385,10.833333333333334,2025,10,2,0,0,3
2025-10-02,13.0,13.0,46.0,4.615384615384615,10.833333333333334,2025,10,3,0,0,3
2025-10-03,8.0,8.0,32.0,5.0,6.666666666666667,2025,10,4,1,0,3
2025-10-04,7.0,7.0,24.0,4.571428571428571,5.833333333333333,2025,10,5,1,0,3
2025-10-05,7.0,7.0,19.0,4.0,5.833333333333333,2025,10,6,0,0,3
2025-10-06,6.0,6.0,13.0,4.333333333333333,5.0,2025,10,0,0,0,3
2025-10-07,10.0,10.0,22.0,4.1,8.333333333333332,2025,10,1,0,0,3
2025-10-08,9.0,9.0,21.0,4.222222222222222,7.5,2025,10,2,0,0,3
2025-10-09,5.0,5.0,13.0,4.0,4.166666666666666,2025,10,3,0,0,3
2025-10-10,9.0,9.0,23.0,3.2222222222222223,7.5,2025,10,4,1,0,3
2025-10-11,12.0,12.0,30.0,3.0,10.0,2025,10,5,1,0,3
2025-10-12,7.0,7.0,13.0,2.857142857142857,5.833333333333333,2025,10,6,0,0,3
2025-10-13,3.0,3.0,10.0,4.666666666666667,2.5,2025,10,0,0,1,3
2025-10-14,6.0,6.0,19.0,9.333333333333334,5.0,2025,10,1,0,1,3
2025-10-15,13.0,13.0,44.0,7.076923076923077,10.833333333333334,2025,10,2,0,1,3
2025-10-16,18.0,18.0,58.0,6.944444444444445,15.0,2025,10,3,0,1,3
2025-10-17,22.0,22.0,75.0,7.181818181818182,18.333333333333332,2025,10,4,1,1,3
2025-10-18,27.0,27.0,91.0,7.333333333333333,22.5,2025,10,5,1,1,3
2025-10-19,33.0,33.0,102.0,7.575757575757576,27.500000000000004,2025,10,6,0,1,3
2025-10-20,35.0,35.0,112.0,7.485714285714286,29.166666666666668,2025,10,0,0,1,3
2025-10-21,34.0,34.0,105.0,7.823529411764706,28.333333333333332,2025,10,1,0,1,3
2025-10-22,31.0,31.0,95.0,7.903225806451613,25.833333333333336,2025,10,2,0,1,3
2025-10-23,30.0,30.0,92.0,8.433333333333334,25.0,2025,10,3,0,1,3
2025-10-24,32.0,32.0,102.0,8.34375,26.666666666666668,2025,10,4,1,1,3
2025-10-25,38.0,38.0,107.0,8.210526315789474,31.666666666666664,2025,10,5,1,1,3
2025-10-26,37.0,37.0,110.0,8.567567567567568,30.833333333333336,2025,10,6,0,1,3
2025-10-27,35.0,35.0,107.0,8.628571428571428,29.166666666666668,2025,10,0,0,0,3
2025-10-28,28.0,28.0,84.0,8.75,23.333333333333332,2025,10,1,0,0,3
2025-10-29,24.0,24.0,74.0,9.125,20.0,2025,10,2,0,0,3
2025-10-30,24.0,24.0,72.0,8.958333333333334,20.0,2025,10,3,0,0,3
2025-10-31,26.0,26.0,76.0,7.8076923076923075,21.666666666666668,2025,10,4,1,0,3
2025-11-01,21.0,21.0,61.0,7.0476190476190474,17.5,2025,11,5,1,0,3
2025-11-02,16.0,16.0,47.0,6.75,13.333333333333334,2025,11,6,0,0,3
2025-11-03,11.0,11.0,30.0,8.454545454545455,9.166666666666666,2025,11,0,0,0,3
2025-11-04,9.0,9.0,23.0,9.666666666666666,7.5,2025,11,1,0,0,3
2025-11-05,8.0,8.0,21.0,9.625,6.666666666666667,2025,11,2,0,0,3
2025-11-06,7.0,7.0,19.0,9.0,5.833333333333333,2025,11,3,0,0,3
2025-11-07,6.0,6.0,16.0,8.166666666666666,5.0,2025,11,4,1,0,3
2025-11-08,3.0,3.0,6.0,8.666666666666666,2.5,2025,11,5,1,0,3
2025-11-09,4.0,4.0,10.0,5.25,3.3333333333333335,2025,11,6,0,0,3
2025-11-10,4.0,4.0,11.0,5.25,3.3333333333333335,2025,11,0,0,0,3
2025-11-11,3.0,3.0,9.0,6.333333333333333,2.5,2025,11,1,0,0,3
2025-11-12,3.0,3.0,15.0,5.0,2.5,2025,11,2,0,0,3
2025-11-13,5.0,5.0,21.0,5.2,4.166666666666666,2025,11,3,0,0,3
2025-11-14,6.0,6.0,22.0,5.0,5.0,2025,11,4,1,0,3
2025-11-15,5.0,5.0,14.0,5.8,4.166666666666666,2025,11,5,1,0,3
2025-11-16,4.0,4.0,11.0,5.5,3.3333333333333335,2025,11,6,0,0,3
2025-11-17,3.0,3.0,7.0,6.0,2.5,2025,11,0,0,0,3
2025-11-18,2.0,2.0,6.0,7.0,1.6666666666666667,2025,11,1,0,0,3
2025-11-19,2.0,2.0,6.0,7.0,1.6666666666666667,2025,11,2,0,0,3
2025-11-20,1.0,1.0,4.0,7.0,0.8333333333333334,2025,11,3,0,0,3
2025-11-21,1.0,1.0,4.0,7.0,0.8333333333333334,2025,11,4,1,0,3
2025-11-22,0.0,0.0,0.0,0.0,0.0,2025,11,5,1,0,3
2025-11-23,1.0,1.0,1.0,4.0,0.8333333333333334,2025,11,6,0,0,3
2025-11-24,3.0,3.0,6.0,4.333333333333333,2.5,2025,11,0,0,0,3
2025-11-25,5.0,5.0,10.0,4.4,4.166666666666666,2025,11,1,0,0,3
2025-11-26,6.0,6.0,12.0,4.5,5.0,2025,11,2,0,0,3
2025-11-27,10.0,10.0,23.0,4.8,8.333333333333332,2025,11,3,0,0,3
2025-11-28,12.0,12.0,35.0,4.583333333333333,10.0,2025,11,4,1,0,3
2025-11-29,12.0,12.0,35.0,4.333333333333333,10.0,2025,11,5,1,0,3
2025-11-30,10.0,10.0,25.0,4.9,8.333333333333332,2025,11,6,0,0,3
2025-12-01,10.0,10.0,23.0,4.9,8.333333333333332,2025,12,0,0,0,0
2025-12-02,12.0,12.0,35.0,4.166666666666667,10.0,2025,12,1,0,0,0
2025-12-03,10.0,10.0,32.0,4.4,8.333333333333332,2025,12,2,0,0,0
2025-12-04,12.0,12.0,38.0,4.333333333333333,10.0,2025,12,3,0,0,0
2025-12-05,8.0,8.0,22.0,4.375,6.666666666666667,2025,12,4,1,0,0
2025-12-06,8.0,8.0,23.0,4.0,6.666666666666667,2025,12,5,1,0,0
2025-12-07,7.0,7.0,17.0,3.857142857142857,5.833333333333333,2025,12,6,0,0,0
2025-12-08,6.0,6.0,11.0,4.5,5.0,2025,12,0,0,0,0
2025-12-09,8.0,8.0,15.0,4.0,6.666666666666667,2025,12,1,0,0,0
2025-12-10,12.0,12.0,22.0,4.166666666666667,10.0,2025,12,2,0,0,0
2025-12-11,13.0,13.0,27.0,4.076923076923077,10.833333333333334,2025,12,3,0,0,0
2025-12-12,13.0,13.0,29.0,4.0,10.833333333333334,2025,12,4,1,0,0
2025-12-13,11.0,11.0,28.0,3.909090909090909,9.166666666666666,2025,12,5,1,0,0
2025-12-14,14.0,14.0,31.0,4.142857142857143,11.666666666666666,2025,12,6,0,0,0
2025-12-15,14.0,14.0,31.0,4.357142857142857,11.666666666666666,2025,12,0,0,0,0
2025-12-16,10.0,10.0,17.0,4.7,8.333333333333332,2025,12,1,0,0,0
2025-12-17,15.0,15.0,35.0,4.6,12.5,2025,12,2,0,0,0
2025-12-18,16.0,16.0,40.0,4.5625,13.333333333333334,2025,12,3,0,0,0
2025-12-19,16.0,16.0,44.0,4.375,13.333333333333334,2025,12,4,1,0,0
2025-12-20,14.0,14.0,37.0,4.857142857142857,11.666666666666666,2025,12,5,1,1,0
2025-12-21,13.0,13.0,37.0,6.461538461538462,10.833333333333334,2025,12,6,0,1,0
2025-12-22,13.0,13.0,40.0,6.230769230769231,10.833333333333334,2025,12,0,0,1,0
2025-12-23,15.0,15.0,48.0,6.933333333333334,12.5,2025,12,1,0,1,0
2025-12-24,20.0,20.0,62.0,6.95,16.666666666666664,2025,12,2,0,1,0
2025-12-25,22.0,22.0,70.0,6.863636363636363,18.333333333333332,2025,12,3,0,1,0
2025-12-26,20.0,20.0,58.0,7.25,16.666666666666664,2025,12,4,1,1,0
2025-12-27,21.0,21.0,60.0,7.523809523809524,17.5,2025,12,5,1,1,0
2025-12-28,19.0,19.0,49.0,8.631578947368421,15.833333333333332,2025,12,6,0,1,0
2025-12-29,21.0,21.0,63.0,8.619047619047619,17.5,2025,12,0,0,1,0
2025-12-30,20.0,20.0,59.0,9.35,16.666666666666664,2025,12,1,0,1,0
2025-12-31,18.0,18.0,54.0,9.777777777777779,15.0,2025,12,2,0,1,0
2026-01-01,16.0,16.0,47.0,10.375,13.333333333333334,2026,1,3,0,1,0
2026-01-02,14.0,14.0,40.0,10.857142857142858,11.666666666666666,2026,1,4,1,1,0
2026-01-03,12.0,12.0,35.0,11.0,10.0,2026,1,5,1,1,0
2026-01-04,11.0,11.0,34.0,11.363636363636363,9.166666666666666,2026,1,6,0,1,0
2026-01-05,10.0,10.0,30.0,11.8,8.333333333333332,2026,1,0,0,1,0
2026-01-06,9.0,9.0,29.0,11.555555555555555,7.5,2026,1,1,0,0,0
2026-01-07,6.0,6.0,20.0,13.333333333333334,5.0,2026,1,2,0,0,0
2026-01-08,6.0,6.0,20.0,13.333333333333334,5.0,2026,1,3,0,0,0
2026-01-09,5.0,5.0,19.0,14.0,4.166666666666666,2026,1,4,1,0,0
2026-01-10,4.0,4.0,17.0,14.0,3.3333333333333335,2026,1,5,1,0,0
2026-01-11,3.0,3.0,13.0,14.0,2.5,2026,1,6,0,0,0
2026-01-12,2.0,2.0,8.0,14.0,1.6666666666666667,2026,1,0,0,0,0
2026-01-13,1.0,1.0,4.0,14.0,0.8333333333333334,2026,1,1,0,0,0
